{
	"format_version": "1.8.0",
	"animations": {
		"1": {
			"loop": "hold_on_last_frame",
			"animation_length": 0.5,
			"override_previous_animation": true,
			"bones": {
				"bone": {
					"rotation": {
						"0.0": {
							"vector": [0, 0, 0]
						},
						"0.5": {
							"vector": [12.5, 0, 0],
							"easing": "easeInElastic",
							"easingArgs": [2]
						}
					},
					"position": {
						"0.0": {
							"vector": [0, 0, 0]
						},
						"0.5": {
							"vector": [0, -0.3, 0],
							"easing": "easeInElastic",
							"easingArgs": [2]
						}
					}
				}
			}
		},
		"2": {
			"loop": "hold_on_last_frame",
			"animation_length": 0.5,
			"override_previous_animation": true,
			"bones": {
				"bone": {
					"rotation": {
						"0.0": {
							"vector": [12.5, 0, 0],
							"easing": "easeInElastic",
							"easingArgs": [3]
						},
						"0.5": {
							"vector": [0, 0, 0],
							"easing": "easeInElastic",
							"easingArgs": [2]
						}
					},
					"position": {
						"0.0": {
							"vector": [0, -0.3, 0],
							"easing": "easeInElastic",
							"easingArgs": [3]
						},
						"0.5": {
							"vector": [0, 0, 0],
							"easing": "easeInElastic",
							"easingArgs": [2]
						}
					}
				}
			}
		}
	}
}