{
	"format_version": "1.8.0",
	"animations": {
		"stare": {
			"loop": true,
			"animation_length": 7.3,
			"override_previous_animation": true,
			"bones": {
				"torso": {
					"rotation": [5, 0, 0],
					"position": [0, -3, 0],
					"scale": [1.09, 1.06, 1.07]
				},
				"right_leg": {
					"rotation": [-37.32648, 2.86313, 6.93488],
					"position": [0, 0, 0.6]
				},
				"bone8": {
					"rotation": [42.5, 0, 0],
					"position": [0, 0.7, 0]
				},
				"left_leg": {
					"rotation": [-22.32648, -2.86313, -6.93488],
					"position": [0, 0, 0.6]
				},
				"bone7": {
					"rotation": [50, 0, 0],
					"position": [0, 0.9, -0.4],
					"scale": [1, 1.04, 1]
				},
				"left_arm": {
					"rotation": [-9.07947, -4.20854, -34.66569]
				},
				"bone2": {
					"rotation": [-39.89638, 1.61888, 7.32417],
					"position": [0, 1.2, 0.3]
				},
				"bone3": {
					"rotation": {
						"0.0": [0, 0, -10],
						"6.0": [0, 0, -10],
						"6.0556": [0, 0, 17],
						"6.1667": [0, 0, -10]
					}
				},
				"bone4": {
					"rotation": {
						"0.0": [0, 0, -27.5],
						"5.0": [0, 0, -27.5],
						"5.0556": [0, 0, 4.5],
						"5.1667": [0, 0, -27.5]
					}
				},
				"bone5": {
					"rotation": {
						"0.0": [0, 0, -12.5],
						"2.0": [0, 0, -12.5],
						"2.0556": [0, 0, -39.5],
						"2.1667": [0, 0, -12.5]
					}
				},
				"bone6": {
					"rotation": {
						"0.0": [0, 0, 22.5],
						"4.0": [0, 0, 22.5],
						"4.0556": [0, 0, 61.5],
						"4.1667": [0, 0, 22.5]
					}
				},
				"left_arm2": {
					"rotation": [-9.07947, 4.20854, 34.66569]
				},
				"bone9": {
					"rotation": [-52.78653, -40.33297, 31.87878],
					"position": [0.2, 1, 0]
				},
				"bone10": {
					"rotation": {
						"0.0": [0, 0, 12.5],
						"4.0": [0, 0, 12.5],
						"4.0556": [0, 0, -27.5],
						"4.1667": [0, 0, 12.5]
					}
				},
				"bone11": {
					"rotation": {
						"0.0": [0, 0, 20],
						"2.2778": [0, 0, 20],
						"2.3333": [0, 0, -9],
						"2.4444": [0, 0, 20]
					}
				},
				"bone12": {
					"rotation": {
						"0.0": [0, 0, 10],
						"1.2778": [0, 0, 10],
						"1.3333": [0, 0, -10],
						"1.4444": [0, 0, 10]
					}
				},
				"bone13": {
					"rotation": {
						"0.0": [0, 0, -12.5],
						"5.0": [0, 0, -12.5],
						"5.0556": [24, 0, -12.5],
						"5.1667": [0, 0, -12.5]
					}
				},
				"bone": {
					"rotation": [20, 0, 0],
					"position": [0, -1, 0]
				},
				"neck": {
					"rotation": [22.5, 0, 0],
					"position": [0, 0, 1]
				},
				"h_head": {
					"rotation": [-90, 0, 0],
					"position": [0, 0, 3.5]
				},
				"h_jaw": {
					"position": [0, 0.2, 0],
					"scale": [1, 1.2, 1]
				},
				"body": {
					"rotation": [7.5, 0, 0]
				},
				"rightfoot2": {
					"rotation": {
						"0.0": [37.25206, 9.89359, -43.08994],
						"0.3333": [42.18034, 12.62084, -48.17417]
					},
					"position": [0, 0.4, 0.1]
				},
				"rightfoot3": {
					"rotation": [78.02215, 27.85082, -71.99233],
					"position": [-0.3, 0.6, 0.5]
				},
				"bone14": {
					"rotation": [35, 0, 0],
					"position": [0, -0.8, 0.3]
				}
			}
		},
		"attack": {
			"loop": true,
			"animation_length": 0.375,
			"bones": {
				"torso": {
					"position": {
						"0.0": [0, -3, 0],
						"0.0833": [0, -4, 0],
						"0.2083": [0, -3, 0],
						"0.25": [0, -4, 0],
						"0.375": [0, -3, 0]
					}
				},
				"right_leg": {
					"rotation": {
						"0.0": [-59.82648, 2.86313, 6.93488],
						"0.2083": [15.17352, 2.86313, 6.93488],
						"0.375": [-59.82648, 2.86313, 6.93488]
					}
				},
				"bone8": {
					"rotation": {
						"0.0": [22.5, 0, 0],
						"0.2083": [50, 0, 0],
						"0.3333": [81.25, 0, 0],
						"0.375": [22.5, 0, 0]
					},
					"position": {
						"0.0": [0, 0.4, 0],
						"0.2083": [0, 0.8, -0.3]
					}
				},
				"left_leg": {
					"rotation": {
						"0.0": [12.67352, -2.86313, -6.93488],
						"0.2083": [-59.82648, -2.86313, -6.93488],
						"0.375": [12.67352, -2.86313, -6.93488]
					},
					"position": {
						"0.0": [0, -1, 0.7],
						"0.2083": [0, -1, -0.3],
						"0.375": [0, -1, 0.7]
					}
				},
				"bone7": {
					"rotation": {
						"0.0": [50, 0, 0],
						"0.1667": [85, 0, 0],
						"0.2083": [20, 0, 0]
					},
					"position": {
						"0.0": [0, 0.8, -0.3],
						"0.1667": [0, -0.3, -1.06],
						"0.2083": [0, 0.3, 0]
					}
				},
				"left_arm": {
					"rotation": {
						"0.0": [-109.75867, -17.43127, -11.5741],
						"0.1667": [-34.24027, -16.32555, -32.44031],
						"0.375": [-109.75867, -17.43127, -11.5741]
					}
				},
				"bone2": {
					"rotation": {
						"0.0": [-42.39638, 1.61888, 7.32417],
						"0.1667": [-17.39638, 1.61888, 7.32417],
						"0.375": [-42.39638, 1.61888, 7.32417]
					},
					"position": {
						"0.0": [0.1, 1.3, 0.6],
						"0.1667": [0.1, 0.7, 0.1],
						"0.375": [0.1, 1.3, 0.5]
					}
				},
				"bone3": {
					"rotation": [0, 0, -10]
				},
				"bone4": {
					"rotation": [0, 0, -27.5]
				},
				"bone5": {
					"rotation": [0, 0, -12.5]
				},
				"bone6": {
					"rotation": [0, 0, 22.5]
				},
				"left_arm2": {
					"rotation": {
						"0.0": [-39.70889, 16.58974, 28.97287],
						"0.1667": [-97.7614, 14.8687, 7.99693],
						"0.375": [-39.70889, 16.58974, 28.97287]
					}
				},
				"bone9": {
					"rotation": {
						"0.0": [-14.89638, -1.61888, -7.32417],
						"0.1667": [-47.39638, -1.61888, -7.32417],
						"0.375": [-14.89638, -1.61888, -7.32417]
					},
					"position": {
						"0.0": [0, 0.6, 0],
						"0.1667": [0, 1.4, 0.6],
						"0.375": [0, 0.6, 0]
					}
				},
				"bone10": {
					"rotation": [0, 0, 12.5]
				},
				"bone11": {
					"rotation": [0, 0, 20]
				},
				"bone12": {
					"rotation": [0, 0, 10]
				},
				"bone13": {
					"rotation": [0, 0, -12.5]
				},
				"bone": {
					"rotation": {
						"0.0": [10, 0, 0],
						"0.125": [17.5, 0, 0],
						"0.25": [0, 0, 0],
						"0.375": [10, 0, 0]
					},
					"position": {
						"0.0": [0, -0.5, 0],
						"0.125": [0, -0.85, 0],
						"0.25": [0, -0.1, 0],
						"0.375": [0, -0.5, 0]
					}
				},
				"neck": {
					"rotation": [22.5, 0, 0],
					"position": [0, 0, 1]
				},
				"h_head": {
					"rotation": {
						"0.0": [-67.29887, 3.45533, 6.66067],
						"0.0417": [-67.29887, -3.45533, -6.66067],
						"0.0833": [-67.29887, 3.45533, 6.66067],
						"0.125": [-67.29887, -3.45533, -6.66067],
						"0.1667": [-67.29887, 3.45533, 6.66067],
						"0.2083": [-67.29887, -3.45533, -6.66067],
						"0.25": [-67.29887, 3.45533, 6.66067],
						"0.2917": [-67.29887, -3.45533, -6.66067],
						"0.3333": [-67.29887, 3.45533, 6.66067],
						"0.375": [-67.29887, -3.45533, -6.66067]
					},
					"position": [0, 0.3, 3]
				},
				"h_jaw": {
					"scale": {
						"0.0": [1, 1, 1],
						"0.0417": [1, 0.7, 1],
						"0.0833": [1, 1, 1],
						"0.125": [1, 0.7, 1],
						"0.1667": [1, 1, 1],
						"0.2083": [1, 0.7, 1],
						"0.25": [1, 1, 1],
						"0.2917": [1, 0.7, 1],
						"0.3333": [1, 1, 1],
						"0.375": [1, 0.7, 1]
					}
				},
				"bone14": {
					"rotation": [40, 0, 0],
					"position": [0, -0.9, 0.4]
				}
			}
		},
		"crawl": {
			"loop": true,
			"animation_length": 0.4167,
			"bones": {
				"torso": {
					"position": {
						"0.0": [0, -3, 0],
						"0.0833": [0, -4, 0],
						"0.2083": [0, -3, 0],
						"0.25": [0, -4, 0],
						"0.375": [0, -3, 0]
					}
				},
				"right_leg": {
					"rotation": {
						"0.0": [-59.82648, 2.86313, 6.93488],
						"0.2083": [15.17352, 2.86313, 6.93488],
						"0.375": [-59.82648, 2.86313, 6.93488]
					},
					"position": {
						"0.0": [0, 0, 0],
						"0.2083": [0, 0.5, 0]
					}
				},
				"bone8": {
					"rotation": {
						"0.0": [22.5, 0, 0],
						"0.2083": [50, 0, 0],
						"0.3333": [81.25, 0, 0],
						"0.375": [22.5, 0, 0]
					},
					"position": [0, 0.4, 0]
				},
				"left_leg": {
					"rotation": {
						"0.0": [12.67352, -2.86313, -6.93488],
						"0.2083": [-59.82648, -2.86313, -6.93488],
						"0.375": [12.67352, -2.86313, -6.93488]
					},
					"position": {
						"0.0": [0, 0, 0],
						"0.375": [0, 0.7, 0]
					}
				},
				"bone7": {
					"rotation": {
						"0.0": [50, 0, 0],
						"0.1667": [85, 0, 0],
						"0.2083": [20, 0, 0]
					},
					"position": [0, 1, -0.3]
				},
				"body": {
					"rotation": [60, 0, 0],
					"position": [0, -2, -4]
				},
				"bone": {
					"rotation": {
						"0.0": [10, 0, 0],
						"0.125": [17.5, 0, 0],
						"0.25": [0, 0, 0],
						"0.375": [10, 0, 0]
					},
					"position": {
						"0.0": [0, -0.5, 0],
						"0.125": [0, -0.8, 0]
					}
				},
				"neck": {
					"rotation": [37.5, 0, 0],
					"position": [0, 0, 1]
				},
				"h_head": {
					"rotation": {
						"0.0": [-89.79887, 3.45533, 6.66067],
						"0.0417": [-97.29887, -3.45533, -6.66067],
						"0.0833": [-99.79887, 3.45533, 6.66067],
						"0.125": [-94.79887, -3.45533, -6.66067],
						"0.1667": [-77.29887, 3.45533, 6.66067],
						"0.2083": [-74.79887, -3.45533, -6.66067],
						"0.25": [-79.79887, 3.45533, 6.66067],
						"0.2917": [-84.79887, -3.45533, -6.66067],
						"0.3333": [-87.29887, 3.45533, 6.66067],
						"0.375": [-89.79887, 3.45533, 6.66067]
					},
					"position": [0, 0, 3]
				},
				"h_jaw": {
					"scale": {
						"0.0": [1, 1, 1],
						"0.0417": [1, 0.7, 1],
						"0.0833": [1, 1, 1],
						"0.125": [1, 0.7, 1],
						"0.1667": [1, 1, 1],
						"0.2083": [1, 0.7, 1],
						"0.25": [1, 1, 1],
						"0.2917": [1, 0.7, 1],
						"0.3333": [1, 1, 1],
						"0.375": [1, 0.7, 1]
					}
				},
				"left_arm": {
					"rotation": {
						"0.0": [-143.01635, -30.83867, 8.31591],
						"0.1667": [-137.7867, -28.59073, -11.67995],
						"0.375": [-143.01635, -30.83867, 8.31591]
					}
				},
				"bone2": {
					"rotation": {
						"0.0": [-42.39638, 1.61888, 7.32417],
						"0.1667": [-17.39638, 1.61888, 7.32417],
						"0.375": [-42.39638, 1.61888, 7.32417]
					},
					"position": {
						"0.0": [0.1, 1.3, 0.5],
						"0.1667": [0.09, 0.58, 0.17],
						"0.375": [0.2, 1.3, 0.6]
					}
				},
				"bone3": {
					"rotation": [0, 0, -10]
				},
				"bone4": {
					"rotation": [0, 0, -27.5]
				},
				"bone5": {
					"rotation": [0, 0, -12.5]
				},
				"bone6": {
					"rotation": [0, 0, 22.5]
				},
				"left_arm2": {
					"rotation": {
						"0.0": [-158.48083, 36.85438, 1.52131],
						"0.1667": [-122.06305, 23.43262, 2.52403],
						"0.375": [-158.48083, 36.85438, 1.52131]
					}
				},
				"bone9": {
					"rotation": {
						"0.0": [-14.89638, -1.61888, -7.32417],
						"0.1667": [-47.39638, -1.61888, -7.32417],
						"0.375": [-14.89638, -1.61888, -7.32417]
					},
					"position": {
						"0.0": [0, 0.6, 0.1],
						"0.1667": [-0.04, 1.37, 0.54],
						"0.375": [-0.1, 0.6, 0.1]
					}
				},
				"bone10": {
					"rotation": [0, 0, 12.5]
				},
				"bone11": {
					"rotation": [0, 0, 20]
				},
				"bone12": {
					"rotation": [0, 0, 10]
				},
				"bone13": {
					"rotation": [0, 0, -12.5]
				},
				"bone14": {
					"rotation": [-15, 0, 0],
					"position": [0, -0.4, 0]
				}
			}
		},
		"animation.model.new": {
			"loop": true
		}
	}
}