{
	"format_version": "1.8.0",
	"animations": {
		"1": {
			"loop": "hold_on_last_frame",
			"animation_length": 0.25,
			"bones": {
				"bone": {
					"position": {
						"0.0": {
							"vector": [0, -7, 0]
						},
						"0.25": {
							"vector": [0, 0, 0],
							"easing": "easeInOutQuad"
						}
					}
				}
			}
		},
		"20": {
			"loop": "hold_on_last_frame",
			"animation_length": 1.08333,
			"bones": {
				"bone": {
					"rotation": {
						"0.125": {
							"vector": [0, 0, 0]
						},
						"0.1667": {
							"vector": [-20, 0, 0]
						},
						"0.2083": {
							"vector": [-19.71975, -3.40487, -9.40804]
						},
						"0.25": {
							"vector": [-19.5623, 4.2453, 11.76782],
							"easing": "step"
						},
						"0.2917": {
							"vector": [-19.71975, -3.40487, -9.40804],
							"easing": "step"
						},
						"0.3333": {
							"vector": [-19.5623, 4.2453, 11.76782],
							"easing": "step"
						},
						"0.375": {
							"vector": [-19.71975, -3.40487, -9.40804],
							"easing": "step"
						},
						"0.4167": {
							"vector": [-19.5623, 4.2453, 11.76782],
							"easing": "step"
						},
						"0.4583": {
							"vector": [-19.71975, -3.40487, -9.40804],
							"easing": "step"
						},
						"0.5": {
							"vector": [-19.71975, -3.40487, -9.40804]
						},
						"0.5417": {
							"vector": [-19.5623, 4.2453, 11.76782],
							"easing": "step"
						},
						"0.5833": {
							"vector": [-19.71975, -3.40487, -9.40804],
							"easing": "step"
						},
						"0.625": {
							"vector": [-19.5623, 4.2453, 11.76782],
							"easing": "step"
						},
						"0.6667": {
							"vector": [-19.71975, -3.40487, -9.40804],
							"easing": "step"
						},
						"0.7083": {
							"vector": [-19.5623, 4.2453, 11.76782],
							"easing": "step"
						},
						"0.75": {
							"vector": [-19.71975, -3.40487, -9.40804],
							"easing": "step"
						},
						"0.7917": {
							"vector": [-19.5623, 4.2453, 11.76782],
							"easing": "step"
						},
						"0.8333": {
							"vector": [-19.71975, -3.40487, -9.40804],
							"easing": "step"
						},
						"0.875": {
							"vector": [-19.5623, 4.2453, 11.76782],
							"easing": "step"
						},
						"0.9167": {
							"vector": [-19.71975, -3.40487, -9.40804],
							"easing": "step"
						},
						"0.9583": {
							"vector": [-19.5623, 4.2453, 11.76782],
							"easing": "step"
						},
						"1.0": {
							"vector": [-19.71975, -3.40487, -9.40804],
							"easing": "step"
						},
						"1.0417": {
							"vector": [-19.5623, 4.2453, 11.76782],
							"easing": "step"
						},
						"1.0833": {
							"vector": [-19, 0, 0]
						}
					},
					"position": {
						"1.0417": {
							"vector": [0, 0, 0]
						},
						"1.0833": {
							"vector": [0, -9, 0]
						}
					}
				},
				"bone2": {
					"rotation": {
						"0.0": {
							"vector": [0, 0, 0]
						},
						"0.125": {
							"vector": [0, 0, 0]
						},
						"1.0833": {
							"vector": [0, 0, 0]
						}
					},
					"position": {
						"0.0": {
							"vector": [0, 0, 0]
						},
						"0.125": {
							"vector": [0, 0, 0]
						},
						"0.1667": {
							"vector": [0, 2, 0]
						},
						"1.0417": {
							"vector": [0, 2, 0]
						},
						"1.0833": {
							"vector": [0, 0, 0]
						}
					},
					"scale": {
						"0.0": {
							"vector": [1, 1, 1]
						},
						"0.125": {
							"vector": [1, 1, 1]
						},
						"0.1667": {
							"vector": [1, 1.7, 1]
						},
						"1.0417": {
							"vector": [1, 1.7, 1]
						},
						"1.0833": {
							"vector": [1, 1, 1]
						}
					}
				},
				"bone3": {
					"rotation": {
						"0.0": {
							"vector": [0, 0, 0]
						},
						"0.125": {
							"vector": [0, 0, 0]
						},
						"1.0833": {
							"vector": [0, 0, 0]
						}
					},
					"position": {
						"0.0": {
							"vector": [0, 0, 0]
						},
						"0.125": {
							"vector": [0, 0, 0]
						},
						"0.1667": {
							"vector": [0, 9, 0]
						},
						"1.0417": {
							"vector": [0, 9, 0]
						},
						"1.0833": {
							"vector": [0, 0, 0]
						}
					}
				}
			}
		},
		"100": {
			"loop": "hold_on_last_frame",
			"animation_length": 0.25,
			"bones": {
				"bone": {
					"position": {
						"0.0": {
							"vector": [0, 0, 0],
							"easing": "easeInOutQuad"
						},
						"0.25": {
							"vector": [0, -7, 0],
							"easing": "easeInOutQuad"
						}
					}
				}
			}
		},
		"jumpscare": {
			"loop": "hold_on_last_frame",
			"animation_length": 1.08333,
			"bones": {
				"bone": {
					"rotation": {
						"0.125": {
							"vector": [0, 0, 0]
						},
						"0.1667": {
							"vector": [-20, 0, 0]
						},
						"0.2083": {
							"vector": [-19.71975, -3.40487, -9.40804]
						},
						"0.25": {
							"vector": [-19.5623, 4.2453, 11.76782],
							"easing": "step"
						},
						"0.2917": {
							"vector": [-19.71975, -3.40487, -9.40804],
							"easing": "step"
						},
						"0.3333": {
							"vector": [-19.5623, 4.2453, 11.76782],
							"easing": "step"
						},
						"0.375": {
							"vector": [-19.71975, -3.40487, -9.40804],
							"easing": "step"
						},
						"0.4167": {
							"vector": [-19.5623, 4.2453, 11.76782],
							"easing": "step"
						},
						"0.4583": {
							"vector": [-19.71975, -3.40487, -9.40804],
							"easing": "step"
						},
						"0.5": {
							"vector": [-19.71975, -3.40487, -9.40804]
						},
						"0.5417": {
							"vector": [-19.5623, 4.2453, 11.76782],
							"easing": "step"
						},
						"0.5833": {
							"vector": [-19.71975, -3.40487, -9.40804],
							"easing": "step"
						},
						"0.625": {
							"vector": [-19.5623, 4.2453, 11.76782],
							"easing": "step"
						},
						"0.6667": {
							"vector": [-19.71975, -3.40487, -9.40804],
							"easing": "step"
						},
						"0.7083": {
							"vector": [-19.5623, 4.2453, 11.76782],
							"easing": "step"
						},
						"0.75": {
							"vector": [-19.71975, -3.40487, -9.40804],
							"easing": "step"
						},
						"0.7917": {
							"vector": [-19.5623, 4.2453, 11.76782],
							"easing": "step"
						},
						"0.8333": {
							"vector": [-19.71975, -3.40487, -9.40804],
							"easing": "step"
						},
						"0.875": {
							"vector": [-19.5623, 4.2453, 11.76782],
							"easing": "step"
						},
						"0.9167": {
							"vector": [-19.71975, -3.40487, -9.40804],
							"easing": "step"
						},
						"0.9583": {
							"vector": [-19.5623, 4.2453, 11.76782],
							"easing": "step"
						},
						"1.0": {
							"vector": [-19.71975, -3.40487, -9.40804],
							"easing": "step"
						},
						"1.0417": {
							"vector": [-19.5623, 4.2453, 11.76782],
							"easing": "step"
						},
						"1.0833": {
							"vector": [-19, 0, 0]
						}
					},
					"position": {
						"1.0417": {
							"vector": [0, 0, 0]
						},
						"1.0833": {
							"vector": [0, -9, 0]
						}
					}
				},
				"bone2": {
					"rotation": {
						"0.0": {
							"vector": [0, 0, 0]
						},
						"0.125": {
							"vector": [0, 0, 0]
						},
						"1.0833": {
							"vector": [0, 0, 0]
						}
					},
					"position": {
						"0.0": {
							"vector": [0, 0, 0]
						},
						"0.125": {
							"vector": [0, 0, 0]
						},
						"0.1667": {
							"vector": [0, 2, 0]
						},
						"1.0417": {
							"vector": [0, 2, 0]
						},
						"1.0833": {
							"vector": [0, 0, 0]
						}
					},
					"scale": {
						"0.0": {
							"vector": [1, 1, 1]
						},
						"0.125": {
							"vector": [1, 1, 1]
						},
						"0.1667": {
							"vector": [1, 1.7, 1]
						},
						"1.0417": {
							"vector": [1, 1.7, 1]
						},
						"1.0833": {
							"vector": [1, 1, 1]
						}
					}
				},
				"bone3": {
					"rotation": {
						"0.0": {
							"vector": [0, 0, 0]
						},
						"0.125": {
							"vector": [0, 0, 0]
						},
						"1.0833": {
							"vector": [0, 0, 0]
						}
					},
					"position": {
						"0.0": {
							"vector": [0, 0, 0]
						},
						"0.125": {
							"vector": [0, 0, 0]
						},
						"0.1667": {
							"vector": [0, 9, 0]
						},
						"1.0417": {
							"vector": [0, 9, 0]
						},
						"1.0833": {
							"vector": [0, 0, 0]
						}
					}
				}
			}
		},
		"spawn": {
			"loop": "hold_on_last_frame",
			"animation_length": 0.25,
			"bones": {
				"bone": {
					"position": {
						"0.0": {
							"vector": [0, -7, 0]
						},
						"0.25": {
							"vector": [0, 0, 0],
							"easing": "easeInOutQuad"
						}
					}
				}
			}
		},
		"despawn": {
			"loop": "hold_on_last_frame",
			"animation_length": 0.25,
			"bones": {
				"bone": {
					"position": {
						"0.0": {
							"vector": [0, 0, 0],
							"easing": "easeInOutQuad"
						},
						"0.25": {
							"vector": [0, -7, 0],
							"easing": "easeInOutQuad"
						}
					}
				}
			}
		}
	},
	"geckolib_format_version": 2
}