{
	"format_version": "1.8.0",
	"animations": {
		"stare": {
			"loop": true,
			"animation_length": 0.25,
			"override_previous_animation": true,
			"bones": {
				"torso": {
					"rotation": {
						"vector": [0, 0, 0]
					},
					"position": {
						"0.0": {
							"vector": [0, -2, 0]
						},
						"0.25": {
							"vector": [0, -2, 0]
						}
					}
				},
				"right_leg": {
					"rotation": {
						"0.0": {
							"vector": [-22.32648, 2.86313, 6.93488]
						},
						"0.25": {
							"vector": [-22.32648, 2.86313, 6.93488]
						}
					}
				},
				"bone8": {
					"rotation": {
						"0.0": {
							"vector": [50, 0, 0]
						},
						"0.25": {
							"vector": [50, 0, 0]
						}
					}
				},
				"left_leg": {
					"rotation": {
						"0.0": {
							"vector": [-22.32648, -2.86313, -6.93488]
						},
						"0.25": {
							"vector": [-22.32648, -2.86313, -6.93488]
						}
					}
				},
				"bone7": {
					"rotation": {
						"0.0": {
							"vector": [50, 0, 0]
						},
						"0.25": {
							"vector": [50, 0, 0]
						}
					}
				},
				"left_arm": {
					"rotation": {
						"0.0": {
							"vector": [-10, 0, -10]
						},
						"0.25": {
							"vector": [-10, 0, -10]
						}
					}
				},
				"bone2": {
					"rotation": {
						"0.0": {
							"vector": [-39.89638, 1.61888, 7.32417]
						},
						"0.25": {
							"vector": [-39.89638, 1.61888, 7.32417]
						}
					}
				},
				"bone3": {
					"rotation": {
						"0.0": {
							"vector": [0, 0, -10]
						},
						"0.25": {
							"vector": [0, 0, -10]
						}
					}
				},
				"bone4": {
					"rotation": {
						"0.0": {
							"vector": [0, 0, -27.5]
						},
						"0.25": {
							"vector": [0, 0, -27.5]
						}
					}
				},
				"bone5": {
					"rotation": {
						"0.0": {
							"vector": [0, 0, -12.5]
						},
						"0.25": {
							"vector": [0, 0, -12.5]
						}
					}
				},
				"bone6": {
					"rotation": {
						"0.0": {
							"vector": [0, 0, 22.5]
						},
						"0.25": {
							"vector": [0, 0, 22.5]
						}
					}
				},
				"left_arm2": {
					"rotation": {
						"0.0": {
							"vector": [-10, 0, 10]
						},
						"0.25": {
							"vector": [-10, 0, 10]
						}
					}
				},
				"bone9": {
					"rotation": {
						"0.0": {
							"vector": [-37.39638, -1.61888, -7.32417]
						},
						"0.25": {
							"vector": [-37.39638, -1.61888, -7.32417]
						}
					}
				},
				"bone10": {
					"rotation": {
						"0.0": {
							"vector": [0, 0, 12.5]
						},
						"0.25": {
							"vector": [0, 0, 12.5]
						}
					}
				},
				"bone11": {
					"rotation": {
						"0.0": {
							"vector": [0, 0, 20]
						},
						"0.25": {
							"vector": [0, 0, 20]
						}
					}
				},
				"bone12": {
					"rotation": {
						"0.0": {
							"vector": [0, 0, 10]
						},
						"0.25": {
							"vector": [0, 0, 10]
						}
					}
				},
				"bone13": {
					"rotation": {
						"0.0": {
							"vector": [0, 0, -12.5]
						},
						"0.25": {
							"vector": [0, 0, -12.5]
						}
					}
				},
				"bone": {
					"rotation": {
						"0.0": {
							"vector": [7.5, 0, 0]
						},
						"0.25": {
							"vector": [7.5, 0, 0]
						}
					}
				},
				"neck": {
					"rotation": {
						"0.0": {
							"vector": [30, 0, 0]
						},
						"0.25": {
							"vector": [30, 0, 0]
						}
					}
				},
				"h_head": {
					"rotation": {
						"0.0": {
							"vector": [-37.5, 0, 0]
						},
						"0.25": {
							"vector": [-37.5, 0, 0]
						}
					}
				},
				"h_jaw": {
					"position": {
						"vector": [0, 0, 0]
					},
					"scale": {
						"0.0": {
							"vector": [1, 1, 1]
						},
						"0.25": {
							"vector": [1, 1, 1]
						}
					}
				}
			}
		},
		"swim": {
			"loop": true,
			"animation_length": 0.625,
			"bones": {
				"torso": {
					"rotation": {
						"vector": [-302.47765, 0, 0]
					},
					"position": {
						"vector": [0, -9, 26]
					}
				},
				"right_leg": {
					"rotation": {
						"0.0": {
							"vector": [42.5, 0, 0]
						},
						"0.2917": {
							"vector": [-7.5, 0, 0],
							"easing": "easeInOutSine"
						},
						"0.625": {
							"vector": [42.5, 0, 0],
							"easing": "easeInOutSine"
						}
					}
				},
				"bone8": {
					"rotation": {
						"0.0": {
							"vector": [10, 0, 0]
						},
						"0.2917": {
							"vector": [-2.5, 0, 0],
							"easing": "easeInOutSine"
						},
						"0.625": {
							"vector": [10, 0, 0],
							"easing": "easeInOutSine"
						}
					}
				},
				"left_leg": {
					"rotation": {
						"0.0": {
							"vector": [-15, 0, 0]
						},
						"0.2917": {
							"vector": [37.5, 0, 0],
							"easing": "easeInOutSine"
						},
						"0.625": {
							"vector": [-15, 0, 0],
							"easing": "easeInOutSine"
						}
					}
				},
				"bone7": {
					"rotation": {
						"0.0": {
							"vector": [15, 0, 0]
						},
						"0.2917": {
							"vector": [27.5, 0, 0],
							"easing": "easeInOutSine"
						},
						"0.625": {
							"vector": [15, 0, 0],
							"easing": "easeInOutSine"
						}
					}
				},
				"body": {
					"rotation": {
						"0.0": {
							"vector": [10, 0, 0]
						},
						"0.2917": {
							"vector": [-5, 0, 0]
						},
						"0.625": {
							"vector": [10, 0, 0]
						}
					}
				},
				"bone": {
					"rotation": {
						"0.0": {
							"vector": [0, 0, 0]
						},
						"0.2917": {
							"vector": [-15, 0, 0],
							"easing": "easeInOutSine"
						},
						"0.625": {
							"vector": [0, 0, 0],
							"easing": "easeInOutSine"
						}
					}
				},
				"neck": {
					"rotation": {
						"0.0": {
							"vector": [-45, 0, 0]
						},
						"0.2917": {
							"vector": [-12.5, 0, 0]
						},
						"0.625": {
							"vector": [-45, 0, 0]
						}
					}
				},
				"h_head": {
					"rotation": {
						"0.0": {
							"vector": [-27.29887, 3.45533, 6.66067]
						},
						"0.0417": {
							"vector": [-27.29887, -3.45533, -6.66067],
							"easing": "step"
						},
						"0.0833": {
							"vector": [-27.29887, 3.45533, 6.66067],
							"easing": "step"
						},
						"0.125": {
							"vector": [-27.29887, -3.45533, -6.66067],
							"easing": "step"
						},
						"0.1667": {
							"vector": [-27.29887, 3.45533, 6.66067],
							"easing": "step"
						},
						"0.2083": {
							"vector": [-27.29887, -3.45533, -6.66067],
							"easing": "step"
						},
						"0.25": {
							"vector": [-27.29887, 3.45533, 6.66067],
							"easing": "step"
						},
						"0.2917": {
							"vector": [-27.29887, -3.45533, -6.66067],
							"easing": "step"
						},
						"0.3333": {
							"vector": [-27.29887, 3.45533, 6.66067],
							"easing": "step"
						},
						"0.375": {
							"vector": [-27.29887, -3.45533, -6.66067],
							"easing": "step"
						},
						"0.4167": {
							"vector": [-27.29887, -3.45533, -6.66067],
							"easing": "step"
						},
						"0.4583": {
							"vector": [-27.29887, 3.45533, 6.66067],
							"easing": "step"
						},
						"0.5": {
							"vector": [-27.29887, -3.45533, -6.66067],
							"easing": "step"
						},
						"0.5417": {
							"vector": [-27.29887, 3.45533, 6.66067],
							"easing": "step"
						},
						"0.5833": {
							"vector": [-27.29887, -3.45533, -6.66067],
							"easing": "step"
						},
						"0.625": {
							"vector": [-27.29887, 3.45533, 6.66067],
							"easing": "step"
						}
					}
				},
				"h_jaw": {
					"scale": {
						"0.0": {
							"vector": [1, 1, 1]
						},
						"0.0417": {
							"vector": [1, 0.7, 1],
							"easing": "step"
						},
						"0.0833": {
							"vector": [1, 1, 1],
							"easing": "step"
						},
						"0.125": {
							"vector": [1, 0.7, 1],
							"easing": "step"
						},
						"0.1667": {
							"vector": [1, 1, 1],
							"easing": "step"
						},
						"0.2083": {
							"vector": [1, 0.7, 1],
							"easing": "step"
						},
						"0.25": {
							"vector": [1, 1, 1],
							"easing": "step"
						},
						"0.2917": {
							"vector": [1, 0.7, 1],
							"easing": "step"
						},
						"0.3333": {
							"vector": [1, 1, 1],
							"easing": "step"
						},
						"0.375": {
							"vector": [1, 0.7, 1],
							"easing": "step"
						},
						"0.4167": {
							"vector": [1, 0.7, 1],
							"easing": "step"
						},
						"0.4583": {
							"vector": [1, 1, 1],
							"easing": "step"
						},
						"0.5": {
							"vector": [1, 0.7, 1],
							"easing": "step"
						},
						"0.5417": {
							"vector": [1, 1, 1],
							"easing": "step"
						},
						"0.5833": {
							"vector": [1, 0.7, 1],
							"easing": "step"
						},
						"0.625": {
							"vector": [1, 1, 1],
							"easing": "step"
						}
					}
				},
				"left_arm": {
					"rotation": {
						"0.0": {
							"vector": [-86.39407, -21.49735, 5.10727]
						},
						"0.2917": {
							"vector": [-101.39407, -21.49735, 5.10727],
							"easing": "easeInOutSine"
						},
						"0.625": {
							"vector": [-86.39407, -21.49735, 5.10727],
							"easing": "easeInOutSine"
						}
					}
				},
				"bone2": {
					"rotation": {
						"0.0": {
							"vector": [48.06901, 30.58497, 48.06513]
						},
						"0.2917": {
							"vector": [-15.46943, 51.64153, 9.92241],
							"easing": "easeInOutSine"
						},
						"0.625": {
							"vector": [48.06901, 30.58497, 48.06513],
							"easing": "easeInOutSine"
						}
					}
				},
				"left_arm2": {
					"rotation": {
						"0.0": {
							"vector": [-102.5, 20, 0]
						},
						"0.2917": {
							"vector": [-50, 20, 0],
							"easing": "easeInOutSine"
						},
						"0.625": {
							"vector": [-102.5, 20, 0],
							"easing": "easeInOutSine"
						}
					}
				},
				"bone9": {
					"rotation": {
						"0.0": {
							"vector": [0, -52.5, -12.5]
						},
						"0.2917": {
							"vector": [26.50648, -47.13536, -46.73216],
							"easing": "easeInOutSine"
						},
						"0.625": {
							"vector": [0, -52.5, -12.5],
							"easing": "easeInOutSine"
						}
					}
				}
			}
		},
		"crawl_2": {
			"loop": true,
			"animation_length": 1,
			"override_previous_animation": true,
			"bones": {
				"torso": {
					"rotation": {
						"vector": [57.5, 0, 0]
					},
					"position": {
						"0.0": {
							"vector": [0, 0, 31]
						},
						"0.125": {
							"vector": [0, 3, 31]
						},
						"0.25": {
							"vector": [0, 0, 31]
						},
						"0.375": {
							"vector": [0, 3, 31]
						},
						"0.5": {
							"vector": [0, 0, 31]
						},
						"0.625": {
							"vector": [0, 3, 31]
						},
						"0.75": {
							"vector": [0, 0, 31]
						},
						"0.875": {
							"vector": [0, 3, 31]
						},
						"1.0": {
							"vector": [0, 0, 31]
						}
					}
				},
				"right_leg": {
					"rotation": {
						"0.0": {
							"vector": [-15, 0, 0]
						},
						"0.25": {
							"vector": [-137.5, 0, 0]
						},
						"0.5": {
							"vector": [-15, 0, 0]
						},
						"0.75": {
							"vector": [-137.5, 0, 0]
						},
						"1.0": {
							"vector": [-15, 0, 0]
						}
					}
				},
				"bone8": {
					"rotation": {
						"0.0": {
							"vector": [30, 0, 0]
						},
						"0.125": {
							"vector": [123.75, 0, 0]
						},
						"0.25": {
							"vector": [122.5, 0, 0]
						},
						"0.375": {
							"vector": [101.25, 0, 0]
						},
						"0.5": {
							"vector": [30, 0, 0]
						},
						"0.625": {
							"vector": [123.75, 0, 0]
						},
						"0.75": {
							"vector": [122.5, 0, 0]
						},
						"0.875": {
							"vector": [101.25, 0, 0]
						},
						"1.0": {
							"vector": [30, 0, 0]
						}
					}
				},
				"left_leg": {
					"rotation": {
						"0.0": {
							"vector": [-147.5, 0, 0]
						},
						"0.25": {
							"vector": [-15, 0, 0]
						},
						"0.5": {
							"vector": [-147.5, 0, 0]
						},
						"0.75": {
							"vector": [-15, 0, 0]
						},
						"1.0": {
							"vector": [-147.5, 0, 0]
						}
					}
				},
				"bone7": {
					"rotation": {
						"0.0": {
							"vector": [117.5, 0, 0]
						},
						"0.125": {
							"vector": [105, 0, 0]
						},
						"0.25": {
							"vector": [27.5, 0, 0]
						},
						"0.375": {
							"vector": [137.5, 0, 0]
						},
						"0.5": {
							"vector": [117.5, 0, 0]
						},
						"0.625": {
							"vector": [105, 0, 0]
						},
						"0.75": {
							"vector": [27.5, 0, 0]
						},
						"0.875": {
							"vector": [137.5, 0, 0]
						},
						"1.0": {
							"vector": [117.5, 0, 0]
						}
					}
				},
				"body": {
					"rotation": {
						"0.0": {
							"vector": [-5, 0, 0]
						},
						"0.125": {
							"vector": [2.5, 0, 0]
						},
						"0.25": {
							"vector": [-5, 0, 0]
						},
						"0.375": {
							"vector": [2.5, 0, 0]
						},
						"0.5": {
							"vector": [-5, 0, 0]
						},
						"0.625": {
							"vector": [2.5, 0, 0]
						},
						"0.75": {
							"vector": [-5, 0, 0]
						},
						"0.875": {
							"vector": [2.5, 0, 0]
						},
						"1.0": {
							"vector": [-5, 0, 0]
						}
					}
				},
				"bone": {
					"rotation": {
						"vector": [15, 0, 0]
					}
				},
				"neck": {
					"rotation": {
						"0.0": {
							"vector": [-7.5, 0, 0]
						},
						"0.125": {
							"vector": [7.5, 0, 0]
						},
						"0.25": {
							"vector": [-7.5, 0, 0]
						},
						"0.375": {
							"vector": [7.5, 0, 0]
						},
						"0.5": {
							"vector": [-7.5, 0, 0]
						},
						"0.625": {
							"vector": [7.5, 0, 0]
						},
						"0.75": {
							"vector": [-7.5, 0, 0]
						},
						"0.875": {
							"vector": [7.5, 0, 0]
						},
						"1.0": {
							"vector": [-7.5, 0, 0]
						}
					}
				},
				"h_head": {
					"rotation": {
						"0.0": {
							"vector": [-92.53852, 9.99038, -0.44067]
						},
						"0.0417": {
							"vector": [-92.53852, -9.99038, 0.44067]
						},
						"0.0833": {
							"vector": [-92.53852, 9.99038, -0.44067]
						},
						"0.125": {
							"vector": [-92.53852, -9.99038, 0.44067]
						},
						"0.1667": {
							"vector": [-92.53852, 9.99038, -0.44067]
						},
						"0.2083": {
							"vector": [-92.53852, -9.99038, 0.44067]
						},
						"0.25": {
							"vector": [-92.53852, 9.99038, -0.44067]
						},
						"0.2917": {
							"vector": [-92.53852, -9.99038, 0.44067]
						},
						"0.3333": {
							"vector": [-92.53852, 9.99038, -0.44067]
						},
						"0.375": {
							"vector": [-92.53852, -9.99038, 0.44067]
						},
						"0.4167": {
							"vector": [-92.53852, 9.99038, -0.44067]
						},
						"0.4583": {
							"vector": [-92.53852, -9.99038, 0.44067]
						},
						"0.5": {
							"vector": [-92.53852, 9.99038, -0.44067]
						},
						"0.5417": {
							"vector": [-92.53852, -9.99038, 0.44067]
						},
						"0.5833": {
							"vector": [-92.53852, 9.99038, -0.44067]
						},
						"0.625": {
							"vector": [-92.53852, -9.99038, 0.44067]
						},
						"0.6667": {
							"vector": [-92.53852, 9.99038, -0.44067]
						},
						"0.7083": {
							"vector": [-92.53852, -9.99038, 0.44067]
						},
						"0.75": {
							"vector": [-92.53852, 9.99038, -0.44067]
						},
						"0.7917": {
							"vector": [-92.53852, -9.99038, 0.44067]
						},
						"0.8333": {
							"vector": [-92.53852, 9.99038, -0.44067]
						},
						"0.875": {
							"vector": [-92.53852, -9.99038, 0.44067]
						},
						"0.9167": {
							"vector": [-92.53852, 9.99038, -0.44067]
						},
						"0.9583": {
							"vector": [-92.53852, -9.99038, 0.44067]
						},
						"1.0": {
							"vector": [-92.53852, 9.99038, -0.44067]
						}
					}
				},
				"h_jaw": {
					"scale": {
						"0.0": {
							"vector": [1, 1.4, 1]
						},
						"0.0417": {
							"vector": [1, 1, 1]
						},
						"0.0833": {
							"vector": [1, 1.4, 1]
						},
						"0.125": {
							"vector": [1, 1, 1]
						},
						"0.1667": {
							"vector": [1, 1.4, 1]
						},
						"0.2083": {
							"vector": [1, 1, 1]
						},
						"0.25": {
							"vector": [1, 1.4, 1]
						},
						"0.2917": {
							"vector": [1, 1, 1]
						},
						"0.3333": {
							"vector": [1, 1.4, 1]
						},
						"0.375": {
							"vector": [1, 1, 1]
						},
						"0.4167": {
							"vector": [1, 1.4, 1]
						},
						"0.4583": {
							"vector": [1, 1, 1]
						},
						"0.5": {
							"vector": [1, 1.4, 1]
						},
						"0.5417": {
							"vector": [1, 1, 1]
						},
						"0.5833": {
							"vector": [1, 1.4, 1]
						},
						"0.625": {
							"vector": [1, 1, 1]
						},
						"0.6667": {
							"vector": [1, 1.4, 1]
						},
						"0.7083": {
							"vector": [1, 1, 1]
						},
						"0.75": {
							"vector": [1, 1.4, 1]
						},
						"0.7917": {
							"vector": [1, 1, 1]
						},
						"0.8333": {
							"vector": [1, 1.4, 1]
						},
						"0.875": {
							"vector": [1, 1, 1]
						},
						"0.9167": {
							"vector": [1, 1.4, 1]
						},
						"0.9583": {
							"vector": [1, 1, 1]
						},
						"1.0": {
							"vector": [1, 1.4, 1]
						}
					}
				},
				"left_arm": {
					"rotation": {
						"0.0": {
							"vector": [-195.45201, -71.82124, 106.22206]
						},
						"0.125": {
							"vector": [-205.31753, -45.08167, 68.43681]
						},
						"0.25": {
							"vector": [-150.18305, -33.34209, 30.65156]
						},
						"0.5": {
							"vector": [-195.45201, -71.82124, 106.22206]
						},
						"0.625": {
							"vector": [-205.31753, -50.08167, 68.43681]
						},
						"0.75": {
							"vector": [-150.18305, -28.34209, 30.65156]
						},
						"1.0": {
							"vector": [-195.45201, -71.82124, 106.22206]
						}
					}
				},
				"bone2": {
					"rotation": {
						"0.0": {
							"vector": [37.07094, 20.59948, 87.57082]
						},
						"0.25": {
							"vector": [14.57101, 68.26083, 42.15038]
						},
						"0.3333": {
							"vector": [47.96454, 33.99246, 92.91418]
						},
						"0.5": {
							"vector": [37.07094, 20.59948, 87.57082]
						},
						"0.75": {
							"vector": [14.57101, 68.26083, 42.15038]
						},
						"0.8333": {
							"vector": [47.96454, 33.99246, 92.91418]
						},
						"1.0": {
							"vector": [37.07094, 20.59948, 87.57082]
						}
					}
				},
				"bone3": {
					"rotation": {
						"vector": [20, 0, -47.5]
					}
				},
				"bone4": {
					"rotation": {
						"vector": [0, 0, -40]
					}
				},
				"bone5": {
					"rotation": {
						"vector": [-15, 0, -30]
					}
				},
				"bone6": {
					"rotation": {
						"vector": [0, 0, 95]
					}
				},
				"left_arm2": {
					"rotation": {
						"0.0": {
							"vector": [-233.39463, 81.9944, -94.44785]
						},
						"0.1667": {
							"vector": [30.92634, 80.06797, 129.2442]
						},
						"0.25": {
							"vector": [43.42032, 82.51125, 119.74689]
						},
						"0.3333": {
							"vector": [-15.37494, 81.17309, 82.38473]
						},
						"0.5": {
							"vector": [-233.39463, 81.9944, -94.44785]
						},
						"0.6667": {
							"vector": [30.92634, 80.06797, 129.2442]
						},
						"0.75": {
							"vector": [43.42032, 74.51125, 119.74689]
						},
						"0.8333": {
							"vector": [-15.37494, 81.17309, 82.38473]
						},
						"1.0": {
							"vector": [-233.39463, 81.9944, -94.44785]
						}
					}
				},
				"bone9": {
					"rotation": {
						"0.0": {
							"vector": [-10.79622, -28.42494, -40.00161]
						},
						"0.1667": {
							"vector": [4.91649, -27.10549, -89.5044]
						},
						"0.25": {
							"vector": [3.05999, -26.99816, -93.15548]
						},
						"0.3333": {
							"vector": [-21.15957, -18.00819, -27.42805]
						},
						"0.5": {
							"vector": [-10.79622, -28.42494, -40.00161]
						},
						"0.6667": {
							"vector": [4.91649, -27.10549, -89.5044]
						},
						"0.75": {
							"vector": [3.05999, -26.99816, -93.15548]
						},
						"0.8333": {
							"vector": [-21.15957, -18.00819, -27.42805]
						},
						"1.0": {
							"vector": [-10.79622, -28.42494, -40.00161]
						}
					}
				},
				"bone10": {
					"rotation": {
						"vector": [0, 0, 57.5]
					}
				},
				"bone11": {
					"rotation": {
						"vector": [0, 0, 75]
					}
				},
				"bone12": {
					"rotation": {
						"vector": [0, 0, 50]
					}
				},
				"bone13": {
					"rotation": {
						"vector": [0, 0, -72.5]
					}
				}
			}
		},
		"climb": {
			"loop": true,
			"animation_length": 0.5,
			"bones": {
				"right_leg": {
					"rotation": {
						"0.0": {
							"vector": [-135.04792, 30.66101, -27.05847]
						},
						"0.25": {
							"vector": [-55.14997, 39.48043, -4.21805],
							"easing": "easeInOutSine"
						},
						"0.375": {
							"vector": [-113.14789, 79.33658, -35.49258]
						},
						"0.5": {
							"vector": [-135.04792, 30.66101, -27.05847]
						}
					}
				},
				"bone8": {
					"rotation": {
						"0.0": {
							"vector": [111.39218, -18.05776, -8.74472]
						},
						"0.125": {
							"vector": [78.75, 0, 0]
						},
						"0.25": {
							"vector": [42.5, 0, 0],
							"easing": "easeInOutSine"
						},
						"0.5": {
							"vector": [111.39218, -18.05776, -8.74472]
						}
					}
				},
				"left_leg": {
					"rotation": {
						"0.0": {
							"vector": [-40.43495, -26.0756, -10.05127]
						},
						"0.125": {
							"vector": [-122.77112, -77.20726, 35.97002]
						},
						"0.25": {
							"vector": [-103.58144, -36.14572, -15.92402],
							"easing": "easeInOutSine"
						},
						"0.5": {
							"vector": [-40.43495, -26.0756, -10.05127]
						}
					}
				},
				"bone7": {
					"rotation": {
						"0.0": {
							"vector": [30, 0, 0]
						},
						"0.125": {
							"vector": [80, 0, 0]
						},
						"0.25": {
							"vector": [105.23772, -12.3071, -2.20462],
							"easing": "easeInOutSine"
						},
						"0.5": {
							"vector": [30, 0, 0]
						}
					}
				},
				"body": {
					"rotation": {
						"0.0": {
							"vector": [0, 0, 7.5]
						},
						"0.25": {
							"vector": [0, 0, -7.5],
							"easing": "easeInOutSine"
						},
						"0.5": {
							"vector": [0, 0, 7.5]
						}
					}
				},
				"bone": {
					"rotation": {
						"0.0": {
							"vector": [-15, 0, 0]
						},
						"0.5": {
							"vector": [-15, 0, 0],
							"easing": "easeInOutSine"
						}
					}
				},
				"neck": {
					"rotation": {
						"0.0": {
							"vector": [-35, 0, 0]
						},
						"0.5": {
							"vector": [-35, 0, 0],
							"easing": "easeInOutSine"
						}
					}
				},
				"h_head": {
					"rotation": {
						"0.0": {
							"vector": [-43.64293, -12.27659, -12.56853]
						},
						"0.0417": {
							"vector": [-44.56145, 7.05302, 7.10708]
						},
						"0.0833": {
							"vector": [-43.64293, -12.27659, -12.56853]
						},
						"0.125": {
							"vector": [-44.56145, 7.05302, 7.10708]
						},
						"0.1667": {
							"vector": [-43.64293, -12.27659, -12.56853]
						},
						"0.2083": {
							"vector": [-44.56145, 7.05302, 7.10708]
						},
						"0.25": {
							"vector": [-43.64293, -12.27659, -12.56853]
						},
						"0.2917": {
							"vector": [-44.56145, 7.05302, 7.10708]
						},
						"0.3333": {
							"vector": [-43.64293, -12.27659, -12.56853]
						},
						"0.375": {
							"vector": [-44.56145, 7.05302, 7.10708]
						},
						"0.4167": {
							"vector": [-43.64293, -12.27659, -12.56853]
						},
						"0.4583": {
							"vector": [-44.56145, 7.05302, 7.10708]
						},
						"0.5": {
							"vector": [-43.64293, -12.27659, -12.56853],
							"easing": "easeInOutSine"
						}
					}
				},
				"left_arm": {
					"rotation": {
						"0.0": {
							"vector": [73.63548, -34.22348, -117.43072]
						},
						"0.125": {
							"vector": [113.14251, -17.28545, -238.62193]
						},
						"0.25": {
							"vector": [40.49531, -71.98027, -206.08352],
							"easing": "easeInOutSine"
						},
						"0.375": {
							"vector": [70.20788, -21.47817, -160.18694]
						},
						"0.5": {
							"vector": [73.63548, -34.22348, -117.43072]
						}
					}
				},
				"bone2": {
					"rotation": {
						"0.0": {
							"vector": [0, 0, 105]
						},
						"0.125": {
							"vector": [0, 0, 97.5]
						},
						"0.25": {
							"vector": [0, 0, 75],
							"easing": "easeInOutSine"
						},
						"0.375": {
							"vector": [0, 0, 145]
						},
						"0.5": {
							"vector": [0, 0, 105],
							"easing": "easeInOutSine"
						}
					}
				},
				"bone3": {
					"rotation": {
						"0.0": {
							"vector": [8.45862, 5.35355, -32.10382]
						},
						"0.5": {
							"vector": [8.45862, 5.35355, -32.10382],
							"easing": "easeInOutSine"
						}
					}
				},
				"bone4": {
					"rotation": {
						"0.0": {
							"vector": [0, 0, -37.5]
						},
						"0.5": {
							"vector": [0, 0, -37.5],
							"easing": "easeInOutSine"
						}
					}
				},
				"bone5": {
					"rotation": {
						"0.0": {
							"vector": [-10.86815, -6.21271, -39.40842]
						},
						"0.5": {
							"vector": [-10.86815, -6.21271, -39.40842],
							"easing": "easeInOutSine"
						}
					}
				},
				"bone6": {
					"rotation": {
						"0.0": {
							"vector": [-83.62043, -1.75326, 0.16695]
						},
						"0.5": {
							"vector": [-83.62043, -1.75326, 0.16695],
							"easing": "easeInOutSine"
						}
					}
				},
				"left_arm2": {
					"rotation": {
						"0.0": {
							"vector": [-339.6785, 56.98688, -184.39573]
						},
						"0.125": {
							"vector": [-295.83913, 22.14562, -188.94275]
						},
						"0.25": {
							"vector": [-278.09586, 42.97546, -236.20358],
							"easing": "easeInOutSine"
						},
						"0.375": {
							"vector": [-285.13987, 0.48932, -182.83387],
							"easing": "easeInOutSine"
						},
						"0.5": {
							"vector": [-339.6785, 56.98688, -184.39573]
						}
					}
				},
				"bone9": {
					"rotation": {
						"0.0": {
							"vector": [-32.19933, 1.37744, -70.81531]
						},
						"0.125": {
							"vector": [-6.91312, -10.86765, -146.29929]
						},
						"0.25": {
							"vector": [6.67374, 1.76845, -93.45191],
							"easing": "easeInOutSine"
						},
						"0.375": {
							"vector": [-39.56467, -7.37474, -93.82168],
							"easing": "easeInOutSine"
						},
						"0.5": {
							"vector": [-32.19933, 1.37744, -70.81531]
						}
					}
				},
				"bone10": {
					"rotation": {
						"0.0": {
							"vector": [7.43656, 0.9762, 20.06344]
						},
						"0.5": {
							"vector": [7.43656, 0.9762, 20.06344],
							"easing": "easeInOutSine"
						}
					}
				},
				"bone11": {
					"rotation": {
						"0.0": {
							"vector": [0, 0, 17.5]
						},
						"0.5": {
							"vector": [0, 0, 17.5],
							"easing": "easeInOutSine"
						}
					}
				},
				"bone12": {
					"rotation": {
						"0.0": {
							"vector": [-5, 0, 10]
						},
						"0.5": {
							"vector": [-5, 0, 10],
							"easing": "easeInOutSine"
						}
					}
				},
				"bone13": {
					"rotation": {
						"0.0": {
							"vector": [-113.21088, 13.83447, -120.85463]
						},
						"0.5": {
							"vector": [-113.21088, 13.83447, -120.85463],
							"easing": "easeInOutSine"
						}
					}
				}
			}
		},
		"crawl": {
			"loop": true,
			"animation_length": 1,
			"bones": {
				"torso": {
					"rotation": {
						"0.0": {
							"vector": [90, 0, 0]
						},
						"0.5": {
							"vector": [90, 0, 0]
						},
						"1.0": {
							"vector": [90, 0, 0]
						}
					},
					"position": {
						"0.0": {
							"vector": [0, 5, 29]
						},
						"0.5": {
							"vector": [0, 5, 29]
						},
						"1.0": {
							"vector": [0, 5, 29]
						}
					}
				},
				"right_leg": {
					"rotation": {
						"0.0": {
							"vector": [-19.53112, 2.8236, 0.72426]
						},
						"0.25": {
							"vector": [-13.39278, 14.61788, 39.48482]
						},
						"0.5": {
							"vector": [-19.53112, 2.8236, 0.72426]
						},
						"0.75": {
							"vector": [-13.39278, 14.61788, 39.48482]
						},
						"1.0": {
							"vector": [-19.53112, 2.8236, 0.72426]
						}
					}
				},
				"bone8": {
					"rotation": {
						"0.0": {
							"vector": [12.5, 0, 0]
						},
						"0.125": {
							"vector": [34.30346, 6.22583, -42.43962]
						},
						"0.25": {
							"vector": [1.10693, 12.45167, -84.87924]
						},
						"0.5": {
							"vector": [12.5, 0, 0]
						},
						"0.625": {
							"vector": [34.30346, 6.22583, -42.43962]
						},
						"0.75": {
							"vector": [1.10693, 12.45167, -84.87924]
						},
						"1.0": {
							"vector": [12.5, 0, 0]
						}
					}
				},
				"left_leg": {
					"rotation": {
						"0.0": {
							"vector": [-15.86118, -9.54371, -35.10368]
						},
						"0.25": {
							"vector": [-18.35645, 1.86464, 0.7625]
						},
						"0.5": {
							"vector": [-15.86118, -9.54371, -35.10368]
						},
						"0.75": {
							"vector": [-18.35645, 1.86464, 0.7625]
						},
						"1.0": {
							"vector": [-15.86118, -9.54371, -35.10368]
						}
					}
				},
				"bone7": {
					"rotation": {
						"0.0": {
							"vector": [0, 0, 77.5]
						},
						"0.25": {
							"vector": [10, 0, 0]
						},
						"0.375": {
							"vector": [30, 0, 38.75]
						},
						"0.5": {
							"vector": [0, 0, 77.5]
						},
						"0.75": {
							"vector": [10, 0, 0]
						},
						"0.875": {
							"vector": [25, 0, 38.75]
						},
						"1.0": {
							"vector": [0, 0, 77.5]
						}
					}
				},
				"body": {
					"rotation": {
						"0.0": {
							"vector": [-7.5, 0, 0]
						},
						"0.25": {
							"vector": [0, 0, 0]
						},
						"0.5": {
							"vector": [-7.5, 0, 0]
						},
						"0.75": {
							"vector": [0, 0, 0]
						},
						"1.0": {
							"vector": [-7.5, 0, 0]
						}
					}
				},
				"bone": {
					"rotation": {
						"0.0": {
							"vector": [0, 0, -5]
						},
						"0.25": {
							"vector": [0, 0, 2.5]
						},
						"0.5": {
							"vector": [0, 0, -2.5]
						},
						"0.75": {
							"vector": [0, 0, 5]
						},
						"1.0": {
							"vector": [0, 0, -5]
						}
					}
				},
				"neck": {
					"rotation": {
						"0.0": {
							"vector": [-70, 0, 0]
						},
						"0.5": {
							"vector": [-70, 0, 0]
						},
						"1.0": {
							"vector": [-70, 0, 0]
						}
					}
				},
				"h_head": {
					"rotation": {
						"0.0": {
							"vector": [-39.56869, 6.40865, 7.69263]
						},
						"0.0417": {
							"vector": [-39.46068, -6.93303, -8.34238]
						},
						"0.0833": {
							"vector": [-39.56869, 6.40865, 7.69263]
						},
						"0.125": {
							"vector": [-39.46068, -6.93303, -8.34238]
						},
						"0.1667": {
							"vector": [-39.56869, 6.40865, 7.69263]
						},
						"0.2083": {
							"vector": [-39.46068, -6.93303, -8.34238]
						},
						"0.25": {
							"vector": [-39.56869, 6.40865, 7.69263]
						},
						"0.2917": {
							"vector": [-39.46068, -6.93303, -8.34238]
						},
						"0.3333": {
							"vector": [-39.56869, 6.40865, 7.69263]
						},
						"0.375": {
							"vector": [-39.46068, -6.93303, -8.34238]
						},
						"0.4167": {
							"vector": [-39.56869, 6.40865, 7.69263]
						},
						"0.4583": {
							"vector": [-39.46068, -6.93303, -8.34238]
						},
						"0.5": {
							"vector": [-39.56869, 6.40865, 7.69263]
						},
						"0.5417": {
							"vector": [-39.46068, -6.93303, -8.34238]
						},
						"0.5833": {
							"vector": [-39.56869, 6.40865, 7.69263]
						},
						"0.625": {
							"vector": [-39.46068, -6.93303, -8.34238]
						},
						"0.6667": {
							"vector": [-39.56869, 6.40865, 7.69263]
						},
						"0.7083": {
							"vector": [-39.46068, -6.93303, -8.34238]
						},
						"0.75": {
							"vector": [-39.56869, 6.40865, 7.69263]
						},
						"0.7917": {
							"vector": [-39.46068, -6.93303, -8.34238]
						},
						"0.8333": {
							"vector": [-39.56869, 6.40865, 7.69263]
						},
						"0.875": {
							"vector": [-39.46068, -6.93303, -8.34238]
						},
						"0.9167": {
							"vector": [-39.56869, 6.40865, 7.69263]
						},
						"0.9583": {
							"vector": [-39.46068, -6.93303, -8.34238]
						},
						"1.0": {
							"vector": [-39.56869, 6.40865, 7.69263]
						}
					}
				},
				"left_arm": {
					"rotation": {
						"0.0": {
							"vector": [-259.79431, -22.47741, -258.53509]
						},
						"0.25": {
							"vector": [-229.97273, -86.46503, -302.47271]
						},
						"0.5": {
							"vector": [-259.79431, -22.47741, -258.53509]
						},
						"0.75": {
							"vector": [-229.97273, -86.46503, -302.47271]
						},
						"1.0": {
							"vector": [-259.79431, -22.47741, -258.53509]
						}
					}
				},
				"bone2": {
					"rotation": {
						"0.0": {
							"vector": [0, 0, 122.5]
						},
						"0.125": {
							"vector": [0, 0, 48.75]
						},
						"0.25": {
							"vector": [0, 0, 25]
						},
						"0.5": {
							"vector": [0, 0, 122.5]
						},
						"0.625": {
							"vector": [0, 0, 48.75]
						},
						"0.75": {
							"vector": [0, 0, 25]
						},
						"1.0": {
							"vector": [0, 0, 122.5]
						}
					}
				},
				"bone3": {
					"rotation": {
						"0.0": {
							"vector": [9.40804, 3.40487, -19.71975]
						},
						"0.5": {
							"vector": [9.40804, 3.40487, -19.71975]
						},
						"1.0": {
							"vector": [9.40804, 3.40487, -19.71975]
						}
					}
				},
				"bone4": {
					"rotation": {
						"0.0": {
							"vector": [0, 0, -27.5]
						},
						"0.5": {
							"vector": [0, 0, -27.5]
						},
						"1.0": {
							"vector": [0, 0, -27.5]
						}
					}
				},
				"bone5": {
					"rotation": {
						"0.0": {
							"vector": [-9.18722, -3.58455, -16.6603]
						},
						"0.5": {
							"vector": [-9.18722, -3.58455, -16.6603]
						},
						"1.0": {
							"vector": [-9.18722, -3.58455, -16.6603]
						}
					}
				},
				"bone6": {
					"rotation": {
						"0.0": {
							"vector": [-67.5, 0, 0]
						},
						"0.5": {
							"vector": [-67.5, 0, 0]
						},
						"1.0": {
							"vector": [-67.5, 0, 0]
						}
					}
				},
				"left_arm2": {
					"rotation": {
						"0.0": {
							"vector": [-293.13084, 75.63957, -123.76397]
						},
						"0.25": {
							"vector": [-268.51682, 21.6429, -103.50916]
						},
						"0.5": {
							"vector": [-293.13084, 75.63957, -123.76397]
						},
						"0.75": {
							"vector": [-268.51682, 21.6429, -103.50916]
						},
						"1.0": {
							"vector": [-293.13084, 75.63957, -123.76397]
						}
					}
				},
				"bone9": {
					"rotation": {
						"0.0": {
							"vector": [0, 0, -40]
						},
						"0.25": {
							"vector": [0, 0, -127.5]
						},
						"0.375": {
							"vector": [0, 0, -63.75]
						},
						"0.5": {
							"vector": [0, 0, -40]
						},
						"0.75": {
							"vector": [0, 0, -127.5]
						},
						"0.875": {
							"vector": [0, 0, -63.75]
						},
						"1.0": {
							"vector": [0, 0, -40]
						}
					}
				},
				"bone10": {
					"rotation": {
						"0.0": {
							"vector": [12.08681, -3.21132, 14.65993]
						},
						"0.25": {
							"vector": [11.12501, -5.73576, 26.94093]
						},
						"0.5": {
							"vector": [12.08681, -3.21132, 14.65993]
						},
						"0.75": {
							"vector": [11.12501, -5.73576, 26.94093]
						},
						"1.0": {
							"vector": [12.08681, -3.21132, 14.65993]
						}
					}
				},
				"bone11": {
					"rotation": {
						"0.0": {
							"vector": [0, 0, 12.5]
						},
						"0.25": {
							"vector": [0, 0, 30]
						},
						"0.5": {
							"vector": [0, 0, 12.5]
						},
						"0.75": {
							"vector": [0, 0, 30]
						},
						"1.0": {
							"vector": [0, 0, 12.5]
						}
					}
				},
				"bone12": {
					"rotation": {
						"0.0": {
							"vector": [-19.45441, 6.01262, 14.65185]
						},
						"0.25": {
							"vector": [-18.55284, 8.45802, 21.79954]
						},
						"0.5": {
							"vector": [-19.45441, 6.01262, 14.65185]
						},
						"0.75": {
							"vector": [-18.55284, 8.45802, 21.79954]
						},
						"1.0": {
							"vector": [-19.45441, 6.01262, 14.65185]
						}
					}
				},
				"bone13": {
					"rotation": {
						"0.0": {
							"vector": [-80, 0, -125]
						},
						"0.5": {
							"vector": [-80, 0, -125]
						},
						"1.0": {
							"vector": [-80, 0, -125]
						}
					}
				}
			}
		}
	},
	"geckolib_format_version": 2
}