{
	"format_version": "1.8.0",
	"animations": {
		"crawl": {
			"loop": true,
			"animation_length": 1,
			"bones": {
				"torso": {
					"rotation": {
						"0.0": [90, 0, 0],
						"0.5": [90, 0, 0],
						"1.0": [90, 0, 0]
					},
					"position": {
						"0.0": [0, 5, 29],
						"0.5": [0, 5, 29],
						"1.0": [0, 5, 29]
					}
				},
				"right_leg": {
					"rotation": {
						"0.0": [-19.53112, 2.8236, 0.72426],
						"0.25": [-13.39278, 14.61788, 39.48482],
						"0.5": [-19.53112, 2.8236, 0.72426],
						"0.75": [-13.39278, 14.61788, 39.48482],
						"1.0": [-19.53112, 2.8236, 0.72426]
					}
				},
				"bone8": {
					"rotation": {
						"0.0": [12.5, 0, 0],
						"0.125": [34.30346, 6.22583, -42.43962],
						"0.25": [1.10693, 12.45167, -84.87924],
						"0.5": [12.5, 0, 0],
						"0.625": [34.30346, 6.22583, -42.43962],
						"0.75": [1.10693, 12.45167, -84.87924],
						"1.0": [12.5, 0, 0]
					}
				},
				"left_leg": {
					"rotation": {
						"0.0": [-15.86118, -9.54371, -35.10368],
						"0.25": [-18.35645, 1.86464, 0.7625],
						"0.5": [-15.86118, -9.54371, -35.10368],
						"0.75": [-18.35645, 1.86464, 0.7625],
						"1.0": [-15.86118, -9.54371, -35.10368]
					}
				},
				"bone7": {
					"rotation": {
						"0.0": [0, 0, 77.5],
						"0.25": [10, 0, 0],
						"0.375": [30, 0, 38.75],
						"0.5": [0, 0, 77.5],
						"0.75": [10, 0, 0],
						"0.875": [25, 0, 38.75],
						"1.0": [0, 0, 77.5]
					}
				},
				"body": {
					"rotation": {
						"0.0": [-7.5, 0, 0],
						"0.25": [0, 0, 0],
						"0.5": [-7.5, 0, 0],
						"0.75": [0, 0, 0],
						"1.0": [-7.5, 0, 0]
					}
				},
				"bone": {
					"rotation": {
						"0.0": [0, 0, -5],
						"0.25": [0, 0, 2.5],
						"0.5": [0, 0, -2.5],
						"0.75": [0, 0, 5],
						"1.0": [0, 0, -5]
					}
				},
				"neck": {
					"rotation": {
						"0.0": [-70, 0, 0],
						"0.5": [-70, 0, 0],
						"1.0": [-70, 0, 0]
					},
					"position": [0, 0.4, -1]
				},
				"h_head": {
					"rotation": {
						"0.0": [-64.56869, 6.40865, 7.69263],
						"0.0417": [-64.46068, -6.93303, -8.34238],
						"0.0833": [-64.56869, 6.40865, 7.69263],
						"0.125": [-64.46068, -6.93303, -8.34238],
						"0.1667": [-64.56869, 6.40865, 7.69263],
						"0.2083": [-64.46068, -6.93303, -8.34238],
						"0.25": [-64.56869, 6.40865, 7.69263],
						"0.2917": [-64.46068, -6.93303, -8.34238],
						"0.3333": [-64.56869, 6.40865, 7.69263],
						"0.375": [-64.46068, -6.93303, -8.34238],
						"0.4167": [-64.56869, 6.40865, 7.69263],
						"0.4583": [-61.96068, -6.93303, -8.34238],
						"0.5": [-64.56869, 6.40865, 7.69263],
						"0.5417": [-64.46068, -6.93303, -8.34238],
						"0.5833": [-64.56869, 6.40865, 7.69263],
						"0.625": [-64.46068, -6.93303, -8.34238],
						"0.6667": [-64.56869, 6.40865, 7.69263],
						"0.7083": [-64.46068, -6.93303, -8.34238],
						"0.75": [-64.56869, 6.40865, 7.69263],
						"0.7917": [-64.46068, -6.93303, -8.34238],
						"0.8333": [-64.56869, 6.40865, 7.69263],
						"0.875": [-64.46068, -6.93303, -8.34238],
						"0.9167": [-64.56869, 6.40865, 7.69263],
						"0.9583": [-64.46068, -6.93303, -8.34238],
						"1.0": [-64.56869, 6.40865, 7.69263]
					},
					"position": [0, 0, 3.4]
				},
				"left_arm": {
					"rotation": {
						"0.0": [-259.79431, -22.47741, -258.53509],
						"0.25": [-229.97273, -86.46503, -302.47271],
						"0.5": [-259.79431, -22.47741, -258.53509],
						"0.75": [-229.97273, -86.46503, -302.47271],
						"1.0": [-259.79431, -22.47741, -258.53509]
					}
				},
				"bone2": {
					"rotation": {
						"0.0": [0, 0, 122.5],
						"0.125": [0, 0, 48.75],
						"0.25": [0, 0, 25],
						"0.5": [0, 0, 122.5],
						"0.625": [0, 0, 48.75],
						"0.75": [0, 0, 25],
						"1.0": [0, 0, 122.5]
					}
				},
				"bone3": {
					"rotation": {
						"0.0": [9.40804, 3.40487, -19.71975],
						"0.5": [9.40804, 3.40487, -19.71975],
						"1.0": [9.40804, 3.40487, -19.71975]
					}
				},
				"bone4": {
					"rotation": {
						"0.0": [0, 0, -27.5],
						"0.5": [0, 0, -27.5],
						"1.0": [0, 0, -27.5]
					}
				},
				"bone5": {
					"rotation": {
						"0.0": [-9.18722, -3.58455, -16.6603],
						"0.5": [-9.18722, -3.58455, -16.6603],
						"1.0": [-9.18722, -3.58455, -16.6603]
					}
				},
				"bone6": {
					"rotation": {
						"0.0": [-67.5, 0, 0],
						"0.5": [-67.5, 0, 0],
						"1.0": [-67.5, 0, 0]
					}
				},
				"left_arm2": {
					"rotation": {
						"0.0": [-293.13084, 75.63957, -123.76397],
						"0.25": [-268.51682, 21.6429, -103.50916],
						"0.5": [-293.13084, 75.63957, -123.76397],
						"0.75": [-268.51682, 21.6429, -103.50916],
						"1.0": [-293.13084, 75.63957, -123.76397]
					}
				},
				"bone9": {
					"rotation": {
						"0.0": [0, 0, -40],
						"0.25": [0, 0, -127.5],
						"0.375": [0, 0, -63.75],
						"0.5": [0, 0, -40],
						"0.75": [0, 0, -127.5],
						"0.875": [0, 0, -63.75],
						"1.0": [0, 0, -40]
					}
				},
				"bone10": {
					"rotation": {
						"0.0": [12.08681, -3.21132, 14.65993],
						"0.25": [11.12501, -5.73576, 26.94093],
						"0.5": [12.08681, -3.21132, 14.65993],
						"0.75": [11.12501, -5.73576, 26.94093],
						"1.0": [12.08681, -3.21132, 14.65993]
					}
				},
				"bone11": {
					"rotation": {
						"0.0": [0, 0, 12.5],
						"0.25": [0, 0, 30],
						"0.5": [0, 0, 12.5],
						"0.75": [0, 0, 30],
						"1.0": [0, 0, 12.5]
					}
				},
				"bone12": {
					"rotation": {
						"0.0": [-19.45441, 6.01262, 14.65185],
						"0.25": [-18.55284, 8.45802, 21.79954],
						"0.5": [-19.45441, 6.01262, 14.65185],
						"0.75": [-18.55284, 8.45802, 21.79954],
						"1.0": [-19.45441, 6.01262, 14.65185]
					}
				},
				"bone13": {
					"rotation": {
						"0.0": [-80, 0, -125],
						"0.5": [-80, 0, -125],
						"1.0": [-80, 0, -125]
					}
				},
				"bone14": {
					"rotation": [50, 0, 0],
					"position": [0, -1, 0.5]
				}
			}
		},
		"stare": {
			"loop": true,
			"animation_length": 0.25,
			"override_previous_animation": true,
			"bones": {
				"torso": {
					"rotation": {
						"0.0": [0, 0, 0],
						"0.25": [0, 0, 0]
					},
					"position": [0, -1.7, 0]
				},
				"right_leg": {
					"rotation": [4.39782, 17.53188, 12.8995],
					"position": [0, 0, 2]
				},
				"bone8": {
					"rotation": {
						"0.0": [35, 0, 0],
						"0.25": [35, 0, 0]
					},
					"position": [0, 0.6, -0.2]
				},
				"left_leg": {
					"rotation": [-14.92287, -1.91135, -4.62111],
					"position": [0, 0, 1]
				},
				"bone7": {
					"rotation": [42.53869, 1.92785, 2.299],
					"position": [0, 0.8, -0.3]
				},
				"left_arm": {
					"rotation": [-35.9409, -6.80496, -41.65201]
				},
				"bone2": {
					"rotation": [0.97011, -1.29547, 25.42685],
					"position": [0.2, 0.5, 0.1]
				},
				"bone3": {
					"rotation": [0, 0, -10],
					"position": [-0.7, 0, -0.8]
				},
				"bone4": {
					"rotation": [0, 0, -27.5],
					"position": [-0.5, 0, -0.3]
				},
				"bone5": {
					"rotation": [0, 0, -12.5],
					"position": [-0.8, 0, -0.5]
				},
				"bone6": {
					"rotation": {
						"0.0": [0, 0, 22.5],
						"0.25": [0, 0, 22.5]
					},
					"position": [-0.3, 0, 0.3]
				},
				"left_arm2": {
					"rotation": [-41.33252, 14.31052, 32.40164]
				},
				"bone9": {
					"rotation": [1.19441, 4.03983, -27.2561],
					"position": [-0.2, 0.5, 0]
				},
				"bone10": {
					"rotation": [0, 0, 12.5],
					"position": [1, 0, 0]
				},
				"bone11": {
					"rotation": [0, 0, 20]
				},
				"bone12": {
					"rotation": [0, 0, 10],
					"position": [1, 0, 0]
				},
				"bone13": {
					"rotation": {
						"0.0": [0, 0, -12.5],
						"0.25": [0, 0, -12.5]
					},
					"position": [0, 0, 1]
				},
				"bone": {
					"rotation": {
						"0.0": [7.5, 0, 0],
						"0.25": [7.5, 0, 0]
					},
					"position": [0, 0, 0]
				},
				"neck": {
					"rotation": [36.02308, 17.8001, -27.49671],
					"position": [1.6, -1.5, 1.2]
				},
				"h_head": {
					"rotation": [-107.46359, -0.42873, 24.49621],
					"position": [0, -2.7, 2.7]
				},
				"h_jaw": {
					"position": [0, 0, 0],
					"scale": 1
				},
				"body": {
					"rotation": [22.5, 0, 0]
				},
				"bone14": {
					"rotation": [46.55913, -0.99951, 5.13775],
					"position": [0, -1, 0.6]
				},
				"bone17": {
					"rotation": [0, 60, 0],
					"position": [0.4, 0.3, -0.2]
				},
				"rightfoot2": {
					"rotation": [-105.11055, 7.46472, 103.95745],
					"position": [0, 0.5, -0.5]
				},
				"rightfoot3": {
					"rotation": [276.80094, -0.21367, -277.50798]
				},
				"bone18": {
					"rotation": [0, 0, 32.5]
				},
				"bone19": {
					"rotation": [-12.39638, -1.61888, 32.67583]
				},
				"bone20": {
					"rotation": [0, -50, 0],
					"position": [0.3, 0, -0.1]
				}
			}
		},
		"crawl_2": {
			"loop": true,
			"animation_length": 0.4167,
			"bones": {
				"torso": {
					"position": {
						"0.0": [0, -3, 0],
						"0.0833": [0, -4, 0],
						"0.2083": [0, -3, 0],
						"0.25": [0, -4, 0],
						"0.375": [0, -3, 0]
					}
				},
				"right_leg": {
					"rotation": {
						"0.0": [-59.82648, 2.86313, 6.93488],
						"0.2083": [15.17352, 2.86313, 6.93488],
						"0.375": [-59.82648, 2.86313, 6.93488]
					},
					"position": {
						"0.0": [0, 0, 0],
						"0.2083": [0, 0.5, 0]
					}
				},
				"bone8": {
					"rotation": {
						"0.0": [22.5, 0, 0],
						"0.2083": [50, 0, 0],
						"0.3333": [81.25, 0, 0],
						"0.375": [22.5, 0, 0]
					},
					"position": [0, 0.4, 0]
				},
				"left_leg": {
					"rotation": {
						"0.0": [12.67352, -2.86313, -6.93488],
						"0.2083": [-59.82648, -2.86313, -6.93488],
						"0.375": [12.67352, -2.86313, -6.93488]
					},
					"position": {
						"0.0": [0, 0, 0],
						"0.375": [0, 0.7, 0]
					}
				},
				"bone7": {
					"rotation": {
						"0.0": [50, 0, 0],
						"0.1667": [85, 0, 0],
						"0.2083": [20, 0, 0]
					},
					"position": [0, 1, -0.3]
				},
				"body": {
					"rotation": [60, 0, 0],
					"position": [0, -2, -4]
				},
				"bone": {
					"rotation": {
						"0.0": [10, 0, 0],
						"0.125": [17.5, 0, 0],
						"0.25": [0, 0, 0],
						"0.375": [10, 0, 0]
					},
					"position": {
						"0.0": [0, -0.5, 0],
						"0.125": [0, -0.8, 0]
					}
				},
				"neck": {
					"rotation": [37.5, 0, 0],
					"position": [0, 0, 1]
				},
				"h_head": {
					"rotation": {
						"0.0": [-89.79887, 3.45533, 6.66067],
						"0.0417": [-97.29887, -3.45533, -6.66067],
						"0.0833": [-99.79887, 3.45533, 6.66067],
						"0.125": [-94.79887, -3.45533, -6.66067],
						"0.1667": [-77.29887, 3.45533, 6.66067],
						"0.2083": [-74.79887, -3.45533, -6.66067],
						"0.25": [-79.79887, 3.45533, 6.66067],
						"0.2917": [-84.79887, -3.45533, -6.66067],
						"0.3333": [-87.29887, 3.45533, 6.66067],
						"0.375": [-89.79887, 3.45533, 6.66067]
					},
					"position": [0, -1, 3]
				},
				"h_jaw": {
					"scale": {
						"0.0": [1, 1, 1],
						"0.0417": [1, 0.7, 1],
						"0.0833": [1, 1, 1],
						"0.125": [1, 0.7, 1],
						"0.1667": [1, 1, 1],
						"0.2083": [1, 0.7, 1],
						"0.25": [1, 1, 1],
						"0.2917": [1, 0.7, 1],
						"0.3333": [1, 1, 1],
						"0.375": [1, 0.7, 1]
					}
				},
				"left_arm": {
					"rotation": {
						"0.0": [-143.01635, -30.83867, 8.31591],
						"0.1667": [-137.7867, -28.59073, -11.67995],
						"0.375": [-143.01635, -30.83867, 8.31591]
					}
				},
				"bone2": {
					"rotation": {
						"0.0": [-42.39638, 1.61888, 7.32417],
						"0.1667": [-17.39638, 1.61888, 7.32417],
						"0.375": [-42.39638, 1.61888, 7.32417]
					},
					"position": {
						"0.0": [0.1, 1.3, 0.5],
						"0.1667": [0.09, 0.58, 0.17],
						"0.375": [0.2, 1.3, 0.6]
					}
				},
				"bone3": {
					"rotation": [0, 0, -10]
				},
				"bone4": {
					"rotation": [0, 0, -27.5]
				},
				"bone5": {
					"rotation": [0, 0, -12.5]
				},
				"bone6": {
					"rotation": [0, 0, 22.5]
				},
				"left_arm2": {
					"rotation": {
						"0.0": [-158.48083, 36.85438, 1.52131],
						"0.1667": [-122.06305, 23.43262, 2.52403],
						"0.375": [-158.48083, 36.85438, 1.52131]
					}
				},
				"bone9": {
					"rotation": {
						"0.0": [-14.89638, -1.61888, -7.32417],
						"0.1667": [-47.39638, -1.61888, -7.32417],
						"0.375": [-14.89638, -1.61888, -7.32417]
					},
					"position": {
						"0.0": [0, 0.6, 0.1],
						"0.1667": [-0.04, 1.37, 0.54],
						"0.375": [-0.1, 0.6, 0.1]
					}
				},
				"bone10": {
					"rotation": [0, 0, 12.5]
				},
				"bone11": {
					"rotation": [0, 0, 20]
				},
				"bone12": {
					"rotation": [0, 0, 10]
				},
				"bone13": {
					"rotation": [0, 0, -12.5]
				},
				"bone14": {
					"rotation": [-15, 0, 0],
					"position": [0, -0.4, 0]
				}
			}
		},
		"climb": {
			"loop": true,
			"animation_length": 0.5,
			"bones": {
				"right_leg": {
					"rotation": {
						"0.0": [-135.04792, 30.66101, -27.05847],
						"0.25": [-55.14997, 39.48043, -4.21805],
						"0.375": [-113.14789, 79.33658, -35.49258],
						"0.5": [-135.04792, 30.66101, -27.05847]
					}
				},
				"bone8": {
					"rotation": {
						"0.0": [111.39218, -18.05776, -8.74472],
						"0.125": [78.75, 0, 0],
						"0.25": [42.5, 0, 0],
						"0.5": [111.39218, -18.05776, -8.74472]
					}
				},
				"left_leg": {
					"rotation": {
						"0.0": [-40.43495, -26.0756, -10.05127],
						"0.125": [-122.77112, -77.20726, 35.97002],
						"0.25": [-103.58144, -36.14572, -15.92402],
						"0.5": [-40.43495, -26.0756, -10.05127]
					}
				},
				"bone7": {
					"rotation": {
						"0.0": [30, 0, 0],
						"0.125": [80, 0, 0],
						"0.25": [105.23772, -12.3071, -2.20462],
						"0.5": [30, 0, 0]
					}
				},
				"body": {
					"rotation": {
						"0.0": [0, 0, 7.5],
						"0.25": [0, 0, -7.5],
						"0.5": [0, 0, 7.5]
					}
				},
				"bone": {
					"rotation": {
						"0.0": [-15, 0, 0],
						"0.5": [-15, 0, 0]
					}
				},
				"neck": {
					"rotation": {
						"0.0": [-35, 0, 0],
						"0.5": [-35, 0, 0]
					}
				},
				"h_head": {
					"rotation": {
						"0.0": [-88.64293, -12.27659, -12.56853],
						"0.0417": [-94.56145, 7.05302, 7.10708],
						"0.0833": [-93.64293, -12.27659, -12.56853],
						"0.125": [-94.56145, 7.05302, 7.10708],
						"0.1667": [-93.64293, -12.27659, -12.56853],
						"0.2083": [-94.56145, 7.05302, 7.10708],
						"0.25": [-93.64293, -12.27659, -12.56853],
						"0.2917": [-94.56145, 7.05302, 7.10708],
						"0.3333": [-93.64293, -12.27659, -12.56853],
						"0.375": [-94.56145, 7.05302, 7.10708],
						"0.4167": [-93.64293, -12.27659, -12.56853],
						"0.4583": [-94.56145, 7.05302, 7.10708],
						"0.5": [-93.64293, -12.27659, -12.56853]
					},
					"position": [0, -1, 3]
				},
				"left_arm": {
					"rotation": {
						"0.0": [73.63548, -34.22348, -117.43072],
						"0.125": [113.14251, -17.28545, -238.62193],
						"0.25": [40.49531, -71.98027, -206.08352],
						"0.375": [70.20788, -21.47817, -160.18694],
						"0.5": [73.63548, -34.22348, -117.43072]
					}
				},
				"bone2": {
					"rotation": {
						"0.0": [0, 0, 105],
						"0.125": [0, 0, 97.5],
						"0.25": [0, 0, 75],
						"0.375": [0, 0, 145],
						"0.5": [0, 0, 105]
					}
				},
				"bone3": {
					"rotation": {
						"0.0": [8.45862, 5.35355, -32.10382],
						"0.5": [8.45862, 5.35355, -32.10382]
					}
				},
				"bone4": {
					"rotation": {
						"0.0": [0, 0, -37.5],
						"0.5": [0, 0, -37.5]
					}
				},
				"bone5": {
					"rotation": {
						"0.0": [-10.86815, -6.21271, -39.40842],
						"0.5": [-10.86815, -6.21271, -39.40842]
					}
				},
				"bone6": {
					"rotation": {
						"0.0": [-83.62043, -1.75326, 0.16695],
						"0.5": [-83.62043, -1.75326, 0.16695]
					}
				},
				"left_arm2": {
					"rotation": {
						"0.0": [-339.6785, 56.98688, -184.39573],
						"0.125": [-295.83913, 22.14562, -188.94275],
						"0.25": [-278.09586, 42.97546, -236.20358],
						"0.375": [-285.13987, 0.48932, -182.83387],
						"0.5": [-339.6785, 56.98688, -184.39573]
					}
				},
				"bone9": {
					"rotation": {
						"0.0": [-32.19933, 1.37744, -70.81531],
						"0.125": [-6.91312, -10.86765, -146.29929],
						"0.25": [6.67374, 1.76845, -93.45191],
						"0.375": [-39.56467, -7.37474, -93.82168],
						"0.5": [-32.19933, 1.37744, -70.81531]
					}
				},
				"bone10": {
					"rotation": {
						"0.0": [7.43656, 0.9762, 20.06344],
						"0.5": [7.43656, 0.9762, 20.06344]
					}
				},
				"bone11": {
					"rotation": {
						"0.0": [0, 0, 17.5],
						"0.5": [0, 0, 17.5]
					}
				},
				"bone12": {
					"rotation": {
						"0.0": [-5, 0, 10],
						"0.5": [-5, 0, 10]
					}
				},
				"bone13": {
					"rotation": {
						"0.0": [-113.21088, 13.83447, -120.85463],
						"0.5": [-113.21088, 13.83447, -120.85463]
					}
				},
				"bone14": {
					"rotation": [50, 0, 0],
					"position": [0, -1, 0.6]
				}
			}
		},
		"swim": {
			"loop": true,
			"animation_length": 0.625,
			"bones": {
				"torso": {
					"rotation": [-302.47765, 0, 0],
					"position": [0, -9, 26]
				},
				"right_leg": {
					"rotation": {
						"0.0": [42.5, 0, 0],
						"0.2917": [-7.5, 0, 0],
						"0.625": [42.5, 0, 0]
					},
					"position": {
						"0.0": [0, 0, 1.5],
						"0.2917": [0, 0, 0],
						"0.625": [0, 0, 1.5]
					}
				},
				"bone8": {
					"rotation": {
						"0.0": [10, 0, 0],
						"0.2917": [-2.5, 0, 0],
						"0.625": [10, 0, 0]
					},
					"position": [0, 0.2, 0]
				},
				"left_leg": {
					"rotation": {
						"0.0": [-15, 0, 0],
						"0.2917": [37.5, 0, 0],
						"0.625": [-15, 0, 0]
					},
					"position": {
						"0.0": [0, 0, 1.1],
						"0.2917": [0, 0, 0.1],
						"0.625": [0, 0, 1.1]
					}
				},
				"bone7": {
					"rotation": {
						"0.0": [15, 0, 0],
						"0.2917": [27.5, 0, 0],
						"0.625": [15, 0, 0]
					},
					"position": {
						"0.0": [0, 0.2, 0],
						"0.2917": [0, 0.5, -0.1],
						"0.625": [0, 0.5, 0]
					}
				},
				"body": {
					"rotation": {
						"0.0": [10, 0, 0],
						"0.2917": [-5, 0, 0],
						"0.625": [10, 0, 0]
					}
				},
				"bone": {
					"rotation": {
						"0.0": [0, 0, 0],
						"0.2917": [-15, 0, 0],
						"0.625": [0, 0, 0]
					},
					"position": {
						"0.0": [0, 0, 0],
						"0.2917": [0, -0.4, 0.1]
					}
				},
				"neck": {
					"rotation": {
						"0.0": [-45, 0, 0],
						"0.2917": [-12.5, 0, 0],
						"0.625": [-45, 0, 0]
					},
					"position": [0, -1, -1]
				},
				"h_head": {
					"rotation": {
						"0.0": [-77.29887, 3.45533, 6.66067],
						"0.0417": [-77.29887, -3.45533, -6.66067],
						"0.0833": [-77.29887, 3.45533, 6.66067],
						"0.125": [-77.29887, -3.45533, -6.66067],
						"0.1667": [-77.29887, 3.45533, 6.66067],
						"0.2083": [-77.29887, -3.45533, -6.66067],
						"0.25": [-77.29887, 3.45533, 6.66067],
						"0.2917": [-77.29887, -3.45533, -6.66067],
						"0.3333": [-77.29887, 3.45533, 6.66067],
						"0.375": [-77.29887, -3.45533, -6.66067],
						"0.4167": [-77.29887, -3.45533, -6.66067],
						"0.4583": [-77.29887, 3.45533, 6.66067],
						"0.5": [-77.29887, -3.45533, -6.66067],
						"0.5417": [-77.29887, 3.45533, 6.66067],
						"0.5833": [-77.29887, -3.45533, -6.66067],
						"0.625": [-77.29887, 3.45533, 6.66067]
					},
					"position": [0, 0, 3]
				},
				"h_jaw": {
					"scale": {
						"0.0": [1, 1, 1],
						"0.0417": [1, 0.7, 1],
						"0.0833": [1, 1, 1],
						"0.125": [1, 0.7, 1],
						"0.1667": [1, 1, 1],
						"0.2083": [1, 0.7, 1],
						"0.25": [1, 1, 1],
						"0.2917": [1, 0.7, 1],
						"0.3333": [1, 1, 1],
						"0.375": [1, 0.7, 1],
						"0.4167": [1, 0.7, 1],
						"0.4583": [1, 1, 1],
						"0.5": [1, 0.7, 1],
						"0.5417": [1, 1, 1],
						"0.5833": [1, 0.7, 1],
						"0.625": [1, 1, 1]
					}
				},
				"left_arm": {
					"rotation": {
						"0.0": [-86.39407, -21.49735, 5.10727],
						"0.2917": [-101.39407, -21.49735, 5.10727],
						"0.625": [-86.39407, -21.49735, 5.10727]
					}
				},
				"bone2": {
					"rotation": {
						"0.0": [48.06901, 30.58497, 48.06513],
						"0.2917": [-15.46943, 51.64153, 9.92241],
						"0.625": [48.06901, 30.58497, 48.06513]
					},
					"position": {
						"0.0": [0, 0.9, -0.3],
						"0.2917": [0, 0.7, -0.1],
						"0.625": [-0.3, 0.7, -0.1]
					},
					"scale": {
						"0.0": [1, 1, 1],
						"0.2917": [1.06, 1, 1]
					}
				},
				"left_arm2": {
					"rotation": {
						"0.0": [-102.5, 20, 0],
						"0.2917": [-50, 20, 0],
						"0.625": [-102.5, 20, 0]
					}
				},
				"bone9": {
					"rotation": {
						"0.0": [0, -52.5, -12.5],
						"0.2917": [26.50648, -47.13536, -46.73216],
						"0.625": [0, -52.5, -12.5]
					},
					"position": {
						"0.0": [0.5, 0.3, 0],
						"0.2917": [-0.1, 0.8, -0.1],
						"0.625": [0.3, 0.8, -0.3]
					},
					"scale": {
						"0.0": [1, 1, 1],
						"0.625": [1.07, 1, 1]
					}
				},
				"bone14": {
					"rotation": [50, 0, 0],
					"position": [0, -1, 0.5]
				}
			}
		},
		"hang": {
			"loop": true,
			"animation_length": 2.9167,
			"bones": {
				"torso": {
					"rotation": [102.5, 0, 180],
					"position": [0, 0, 27]
				},
				"body": {
					"rotation": [-32.5, 0, 0]
				},
				"neck": {
					"rotation": [-22.5, 0, 0]
				},
				"bone14": {
					"rotation": [-40, 0, 0],
					"position": [0, -0.8, -0.2]
				},
				"h_head": {
					"rotation": [7.5, 0, 180],
					"position": [0, -1, 0.1]
				},
				"left_arm": {
					"rotation": [42.5, 2.5, -47.5]
				},
				"bone2": {
					"rotation": [-94.43745, 2.30644, 27.41063]
				},
				"bone3": {
					"rotation": [5.74742, -49.01457, -16.75258]
				},
				"bone5": {
					"rotation": [-22.33616, -25.6931, -39.78545]
				},
				"bone4": {
					"rotation": [-3.67393, -37.33289, -33.79298]
				},
				"bone6": {
					"rotation": [-102.5, 0, 0]
				},
				"left_arm2": {
					"rotation": [42.02881, 9.01412, 53.68418]
				},
				"bone9": {
					"rotation": [-87.49013, -5.66172, -60.34227]
				},
				"bone13": {
					"rotation": [0, 0, -117.5]
				},
				"bone10": {
					"rotation": [20.74139, 27.06403, 3.08214]
				},
				"bone11": {
					"rotation": [0, 0, 10]
				},
				"bone12": {
					"rotation": [-37.39455, 3.04137, 18.9705]
				},
				"right_leg": {
					"rotation": [-39.38812, 14.12449, 21.10738],
					"position": [0, 0.4, -3]
				},
				"bone8": {
					"rotation": [22.5, 0, 0],
					"position": [0, 0.4, 0]
				},
				"left_leg": {
					"rotation": [-37.50135, -13.12479, -21.46872],
					"position": [0, 0.2, -3]
				},
				"bone7": {
					"rotation": [17.5, 0, 0],
					"position": [0, 0.3, 0]
				}
			}
		},
		"jumpscare": {
			"loop": "hold_on_last_frame",
			"animation_length": 0.7917,
			"bones": {
				"torso": {
					"rotation": [0, 0, 0],
					"position": [0, -3, 0]
				},
				"body": {
					"rotation": {
						"0.0": [22.5, 0, 0],
						"0.4167": [40, 0, 0]
					},
					"position": {
						"0.0": [0, 0, -0.1],
						"0.4167": [0, -1.2, -0.7]
					}
				},
				"bone": {
					"rotation": {
						"0.0": [7.5, 0, 0],
						"0.3333": [25, 0, 0]
					},
					"position": {
						"0.0": [0, -0.4, 0],
						"0.3333": [0, -1.3, 0.1]
					}
				},
				"neck": {
					"rotation": {
						"0.0": [36.02308, 17.8001, -27.49671],
						"0.125": [38.4806, -10.35749, 8.05005],
						"0.2083": [38.13352, 11.76026, -19.24892],
						"0.2917": [39.63497, 0.72177, -5.56615],
						"0.4167": [24.63497, 0.72177, -5.56615]
					},
					"position": [0, 0, 1.2]
				},
				"bone14": {
					"rotation": {
						"0.0": [51.55913, -0.99951, 5.13775],
						"0.125": [50.04035, 14.56361, -7.55338],
						"0.1667": [46.34523, 25.7787, -18.19102],
						"0.2083": [51.23706, -6.86404, 9.82604],
						"0.25": [49.06974, -18.40956, 19.6596],
						"0.2917": [51.50707, 2.91629, 2.0276],
						"0.3333": [29.00707, 2.91629, 2.0276]
					},
					"position": [0, -0.6, 0.2]
				},
				"h_head": {
					"rotation": {
						"0.0": [-107.43682, 1.07152, 29.26604],
						"0.125": [-113.3165, 3.58202, -6.12483],
						"0.1667": [-108.20189, -39.31133, 16.03364],
						"0.2083": [-116.55402, -5.58844, 5.66262],
						"0.25": [-125.69788, 40.31651, -22.05675],
						"0.2917": [-116.46678, -3.35124, 4.54339]
					},
					"position": [0, -2, 3]
				},
				"h_jaw": {
					"position": [0, 0, 0],
					"scale": 1
				},
				"left_arm": {
					"rotation": {
						"0.0": [-25.9409, -6.80496, -41.65201],
						"0.125": [-66.18712, -5.70637, -39.39284],
						"0.4167": [-124.97527, -33.56422, -21.36215]
					}
				},
				"bone2": {
					"rotation": {
						"0.0": [-23.07976, 56.3421, 6.18541],
						"0.125": [1.33259, -42.99816, 9.9586]
					},
					"position": {
						"0.0": [0, 0, 0],
						"0.7917": [0.1, 0.1, 0.1]
					},
					"scale": {
						"0.0": [1, 1, 1],
						"0.7917": [1.1, 1, 1]
					}
				},
				"bone3": {
					"rotation": [0, 0, -10]
				},
				"bone5": {
					"rotation": [0, 0, -12.5]
				},
				"bone4": {
					"rotation": [0, 0, -27.5]
				},
				"bone6": {
					"rotation": [0, 0, 22.5]
				},
				"left_arm2": {
					"rotation": {
						"0.0": [-56.33252, 14.31052, 32.40164],
						"0.125": [-59.15799, 12.22581, 30.98385],
						"0.4167": [-115.44327, 32.90491, 21.29936]
					}
				},
				"bone9": {
					"rotation": {
						"0.0": [22.28289, -43.37127, -45.48202],
						"0.125": [-22.21799, 16.83094, -17.78734]
					},
					"position": {
						"0.0": [0, 0, 0],
						"0.7917": [-0.3, 0.8, 0]
					}
				},
				"bone13": {
					"rotation": [0, 0, -12.5]
				},
				"bone10": {
					"rotation": [0, 0, 12.5]
				},
				"bone11": {
					"rotation": [0, 0, 20]
				},
				"bone12": {
					"rotation": [0, 0, 10]
				},
				"right_leg": {
					"rotation": [4.39782, 17.53188, 12.8995],
					"position": [0, 0, 2.2]
				},
				"bone8": {
					"rotation": [35, 0, 0],
					"position": [0, 0.6, -0.1]
				},
				"left_leg": {
					"rotation": [-22.59339, -18.19859, -11.4389],
					"position": [0, 1, 2]
				},
				"bone7": {
					"rotation": [50, 0, 0],
					"position": [0, 0.8, -0.3]
				},
				"rightfoot2": {
					"rotation": [0, 0, 0]
				},
				"rightfoot3": {
					"rotation": [-98.0668, 5.93318, 100.80158]
				}
			}
		}
	}
}