{
	"format_version": "1.12.0",
	"minecraft:geometry": [
		{
			"description": {
				"identifier": "geometry.unknown",
				"texture_width": 64,
				"texture_height": 64,
				"visible_bounds_width": 3,
				"visible_bounds_height": 1.5,
				"visible_bounds_offset": [0, 0.25, 0]
			},
			"bones": [
				{
					"name": "bb_main",
					"pivot": [0, 0, 0],
					"cubes": [
						{"origin": [-6, 0, -6], "size": [12, 3, 19], "uv": [0, 0]},
						{"origin": [-6, 0, -9.5], "size": [12, 1, 3.5], "uv": [0, 22]},
						{"origin": [4, 1, -9.5], "size": [2, 2, 3.5], "uv": [0, 5]},
						{"origin": [-6, 1, -9.5], "size": [2, 2, 3.5], "uv": [0, 0]},
						{"origin": [-2, 1, -9], "size": [2, 1.5, 3], "uv": [0, 10]},
						{"origin": [0, 1, -9], "size": [2, 1.5, 3], "uv": [7, 7]},
						{"origin": [2, 1, -9], "size": [2, 1.5, 3], "uv": [7, 2]}
					]
				},
				{
					"name": "bone",
					"pivot": [-3, 2.5, -6],
					"cubes": [
						{"origin": [-4, 1, -9], "size": [2, 1.5, 3], "uv": [7, 11]}
					]
				}
			]
		}
	]
}