{
	"format_version": "1.12.0",
	"minecraft:geometry": [
		{
			"description": {
				"identifier": "geometry.man_head",
				"texture_width": 16,
				"texture_height": 16,
				"visible_bounds_width": 2,
				"visible_bounds_height": 2,
				"visible_bounds_offset": [0, 0, 0]
			},
			"bones": [
				{
					"name": "bone",
					"pivot": [0, 0, 0]
				},
				{
					"name": "bone3",
					"parent": "bone",
					"pivot": [0.125, 3.1625, 0.5875],
					"cubes": [
						{
							"origin": [-2.75, 0, -2],
							"size": [5.75, 6.325, 5.175],
							"uv": {
								"north": {"uv": [5, 5.625], "uv_size": [1.25, 1.375]},
								"east": {"uv": [3.875, 5.625], "uv_size": [1.125, 1.375]},
								"south": {"uv": [7.375, 5.625], "uv_size": [1.25, 1.375]},
								"west": {"uv": [6.25, 5.625], "uv_size": [1.125, 1.375]},
								"up": {"uv": [5, 4.5], "uv_size": [1.25, 1.125]},
								"down": {"uv": [6.25, 5.625], "uv_size": [1.25, -1.125]}
							}
						}
					]
				},
				{
					"name": "bone2",
					"parent": "bone",
					"pivot": [0.2, 2.6, 1.0125],
					"cubes": [
						{
							"origin": [-2.1, 0, -1],
							"size": [4.6, 5.2, 4.025],
							"uv": {
								"north": {"uv": [0.875, 13.875], "uv_size": [1, 2]},
								"east": {"uv": [0, 13.875], "uv_size": [0.875, 2]},
								"south": {"uv": [2.75, 13.875], "uv_size": [1, 2]},
								"west": {"uv": [1.875, 13.875], "uv_size": [0.875, 2]},
								"up": {"uv": [0.875, 13], "uv_size": [1, 0.875]},
								"down": {"uv": [1.875, 13.875], "uv_size": [1, -0.875]}
							}
						}
					]
				}
			]
		}
	]
}