{
	"format_version": "1.12.0",
	"minecraft:geometry": [
		{
			"description": {
				"identifier": "geometry.unknown",
				"texture_width": 64,
				"texture_height": 64,
				"visible_bounds_width": 5,
				"visible_bounds_height": 6,
				"visible_bounds_offset": [0, 1, 0]
			},
			"bones": [
				{
					"name": "torso",
					"pivot": [0, 0, 0]
				},
				{
					"name": "body",
					"parent": "torso",
					"pivot": [0, 24.725, 0],
					"cubes": [
						{
							"origin": [-4, 19.55, -1.3],
							"size": [8, 10, 4],
							"uv": {
								"north": {"uv": [0, 0], "uv_size": [8, 10]},
								"east": {"uv": [13, 18], "uv_size": [4, 10]},
								"south": {"uv": [8, 0], "uv_size": [8, 10]},
								"west": {"uv": [17, 18], "uv_size": [4, 10]},
								"up": {"uv": [27, 24], "uv_size": [8, 4]},
								"down": {"uv": [28, 4], "uv_size": [8, -4]}
							}
						},
						{
							"origin": [-3.5, 19.05, -1.3],
							"size": [7, 0.5, 4],
							"uv": {
								"north": {"uv": [0, 0], "uv_size": [8, 1]},
								"east": {"uv": [13, 18], "uv_size": [4, 10]},
								"south": {"uv": [9, 0], "uv_size": [8, 0]},
								"west": {"uv": [17, 18], "uv_size": [4, 10]},
								"up": {"uv": [27, 24], "uv_size": [8, 4]},
								"down": {"uv": [28, 4], "uv_size": [8, -4]}
							}
						},
						{
							"origin": [-0.5, 20.05, 2.2],
							"size": [1, 2.5, 0.8],
							"uv": {
								"north": {"uv": [0, 0], "uv_size": [8, 10]},
								"east": {"uv": [13, 18], "uv_size": [4, 10]},
								"south": {"uv": [11.5, 0], "uv_size": [0.5, 3]},
								"west": {"uv": [17, 18], "uv_size": [4, 10]},
								"up": {"uv": [27, 24], "uv_size": [8, 4]},
								"down": {"uv": [28, 4], "uv_size": [8, -4]}
							}
						},
						{
							"origin": [-0.5, 22.55, 2.2],
							"size": [1, 7, 0.9],
							"uv": {
								"north": {"uv": [0, 0], "uv_size": [8, 10]},
								"east": {"uv": [11.5, 0], "uv_size": [1.05, 4.95]},
								"south": {"uv": [11.5, 0], "uv_size": [1.05, 4.95]},
								"west": {"uv": [11.5, 0], "uv_size": [1.05, 4.95]},
								"up": {"uv": [27, 24], "uv_size": [8, 4]},
								"down": {"uv": [28, 4], "uv_size": [8, -4]}
							}
						}
					]
				},
				{
					"name": "bone",
					"parent": "body",
					"pivot": [0, 29.9, 0],
					"cubes": [
						{
							"origin": [-4, 29.575, -1.3],
							"size": [8, 7, 4],
							"uv": {
								"north": {"uv": [0, 10], "uv_size": [8, 7]},
								"east": {"uv": [31, 17], "uv_size": [4, 7]},
								"south": {"uv": [8, 10], "uv_size": [8, 7]},
								"west": {"uv": [32, 28], "uv_size": [4, 7]},
								"up": {"uv": [28, 4], "uv_size": [8, 4]},
								"down": {"uv": [28, 12], "uv_size": [8, -4]}
							}
						},
						{
							"origin": [-0.5, 29.075, 2.2],
							"size": [1, 8.7, 0.9],
							"uv": {
								"north": {"uv": [0, 10], "uv_size": [8, 7]},
								"east": {"uv": [11.5, 0], "uv_size": [1.05, 4.95]},
								"south": {"uv": [11.5, 10], "uv_size": [1, 7]},
								"west": {"uv": [11.5, 0], "uv_size": [1.05, 4.95]},
								"up": {"uv": [28, 4], "uv_size": [8, 4]},
								"down": {"uv": [28, 12], "uv_size": [8, -4]}
							}
						},
						{
							"origin": [-3, 36.575, -1.3],
							"size": [6, 1, 4],
							"uv": {
								"north": {"uv": [0, 10.5], "uv_size": [8, -1.5]},
								"east": {"uv": [31, 17], "uv_size": [4, 1]},
								"south": {"uv": [8, 10], "uv_size": [8, 1.5]},
								"west": {"uv": [32, 28], "uv_size": [4, 1.5]},
								"up": {"uv": [28, 4], "uv_size": [8, 4]},
								"down": {"uv": [28, 12], "uv_size": [8, -4]}
							}
						}
					]
				},
				{
					"name": "left_arm",
					"parent": "bone",
					"pivot": [4.025, 34.425, 0],
					"cubes": [
						{
							"origin": [4.075, 23.5, -1.15],
							"size": [2.3, 12, 2.9],
							"uv": {
								"north": {"uv": [16, 34], "uv_size": [-2, 12]},
								"east": {"uv": [25, 0], "uv_size": [3, 12]},
								"south": {"uv": [18, 34], "uv_size": [-2, 12]},
								"west": {"uv": [25, 0], "uv_size": [3, 12]},
								"up": {"uv": [37, 13], "uv_size": [2, 3]},
								"down": {"uv": [37, 19], "uv_size": [2, -3]}
							}
						}
					]
				},
				{
					"name": "bone2",
					"parent": "left_arm",
					"pivot": [5.175, 23.5, 0],
					"cubes": [
						{
							"origin": [4.025, 5.675, -1.15],
							"size": [2.3, 17.825, 2.875],
							"uv": {
								"north": {"uv": [5, 26], "uv_size": [-2, 18]},
								"east": {"uv": [16, 0], "uv_size": [3, 18]},
								"south": {"uv": [5, 26], "uv_size": [-2, 18]},
								"west": {"uv": [16, 0], "uv_size": [3, 18]},
								"up": {"uv": [37, 19], "uv_size": [2, 3]},
								"down": {"uv": [37, 25], "uv_size": [2, -3]}
							}
						}
					]
				},
				{
					"name": "bone17",
					"parent": "bone2",
					"pivot": [5.175, 23.5, 0]
				},
				{
					"name": "bone3",
					"parent": "bone17",
					"pivot": [6.325, 5.675, 1.725],
					"cubes": [
						{
							"origin": [5.75, 3.075, 0.85],
							"size": [1.15, 2.6, 1.15],
							"uv": {
								"north": {"uv": [44.5, 13], "uv_size": [5, 6]},
								"east": {"uv": [44.5, 13], "uv_size": [5, 6]},
								"south": {"uv": [44.5, 13], "uv_size": [5, 6]},
								"west": {"uv": [44.5, 13], "uv_size": [5, 6]},
								"up": {"uv": [49.5, 19], "uv_size": [-5, -6]},
								"down": {"uv": [49.5, 19], "uv_size": [-5, -6]}
							}
						},
						{
							"origin": [5.1, 2.275, 1.1],
							"size": [0.65, 2.6, 0.65],
							"pivot": [0, 0.5, -0.3],
							"rotation": [0, 0, 15],
							"uv": {
								"north": {"uv": [44.5, 13], "uv_size": [5, 6]},
								"east": {"uv": [44.5, 13], "uv_size": [5, 6]},
								"south": {"uv": [44.5, 13], "uv_size": [5, 6]},
								"west": {"uv": [44.5, 13], "uv_size": [5, 6]},
								"up": {"uv": [37, 19], "uv_size": [2, 3]},
								"down": {"uv": [49.5, 19], "uv_size": [-5, -6]}
							}
						},
						{
							"origin": [3.925, 1.975, 1.2],
							"size": [0.45, 2.6, 0.45],
							"pivot": [0, 0.5, -0.3],
							"rotation": [0, 0, 40],
							"uv": {
								"north": {"uv": [44.5, 13], "uv_size": [5, 6]},
								"east": {"uv": [44.5, 13], "uv_size": [5, 6]},
								"south": {"uv": [44.5, 13], "uv_size": [5, 6]},
								"west": {"uv": [44.5, 13], "uv_size": [5, 6]},
								"up": {"uv": [37, 19], "uv_size": [2, 3]},
								"down": {"uv": [49.5, 19], "uv_size": [-5, -6]}
							}
						}
					]
				},
				{
					"name": "bone4",
					"parent": "bone17",
					"pivot": [6.325, 5.675, 0.575],
					"cubes": [
						{
							"origin": [5.75, 3.075, -0.3],
							"size": [1.15, 2.6, 1.15],
							"uv": {
								"north": {"uv": [44.5, 13], "uv_size": [5, 6]},
								"east": {"uv": [44.5, 13], "uv_size": [5, 6]},
								"south": {"uv": [44.5, 13], "uv_size": [5, 6]},
								"west": {"uv": [44.5, 13], "uv_size": [5, 6]},
								"up": {"uv": [49.5, 19], "uv_size": [-5, -6]},
								"down": {"uv": [49.5, 19], "uv_size": [-5, -6]}
							}
						},
						{
							"origin": [5.2, 2.225, -0.05],
							"size": [0.65, 2.6, 0.65],
							"pivot": [0, 0.5, -0.3],
							"rotation": [0, 0, 15],
							"uv": {
								"north": {"uv": [44.5, 13], "uv_size": [5, 6]},
								"east": {"uv": [44.5, 13], "uv_size": [5, 6]},
								"south": {"uv": [44.5, 13], "uv_size": [5, 6]},
								"west": {"uv": [44.5, 13], "uv_size": [5, 6]},
								"up": {"uv": [37, 19], "uv_size": [2, 3]},
								"down": {"uv": [49.5, 19], "uv_size": [-5, -6]}
							}
						},
						{
							"origin": [4.55, 1.375, 0.05],
							"size": [0.45, 2.6, 0.45],
							"pivot": [0, 0.5, -0.3],
							"rotation": [0, 0, 32.5],
							"uv": {
								"north": {"uv": [44.5, 13], "uv_size": [5, 6]},
								"east": {"uv": [44.5, 13], "uv_size": [5, 6]},
								"south": {"uv": [44.5, 13], "uv_size": [5, 6]},
								"west": {"uv": [44.5, 13], "uv_size": [5, 6]},
								"up": {"uv": [37, 19], "uv_size": [2, 3]},
								"down": {"uv": [49.5, 19], "uv_size": [-5, -6]}
							}
						}
					]
				},
				{
					"name": "bone5",
					"parent": "bone17",
					"pivot": [6.325, 5.675, -0.575],
					"cubes": [
						{
							"origin": [5.75, 3.075, -1.45],
							"size": [1.15, 2.6, 1.15],
							"uv": {
								"north": {"uv": [44.5, 13], "uv_size": [5, 6]},
								"east": {"uv": [44.5, 13], "uv_size": [5, 6]},
								"south": {"uv": [44.5, 13], "uv_size": [5, 6]},
								"west": {"uv": [44.5, 13], "uv_size": [5, 6]},
								"up": {"uv": [49.5, 19], "uv_size": [-5, -6]},
								"down": {"uv": [49.5, 19], "uv_size": [-5, -6]}
							}
						},
						{
							"origin": [5.4, 1.775, -1.2],
							"size": [0.65, 2.6, 0.65],
							"pivot": [0, 0.5, -0.3],
							"rotation": [0, 0, 10],
							"uv": {
								"north": {"uv": [44.5, 13], "uv_size": [5, 6]},
								"east": {"uv": [44.5, 13], "uv_size": [5, 6]},
								"south": {"uv": [44.5, 13], "uv_size": [5, 6]},
								"west": {"uv": [44.5, 13], "uv_size": [5, 6]},
								"up": {"uv": [37, 19], "uv_size": [2, 3]},
								"down": {"uv": [49.5, 19], "uv_size": [-5, -6]}
							}
						},
						{
							"origin": [4.8, 1.075, -1.1],
							"size": [0.45, 2.6, 0.45],
							"pivot": [0, 0.5, -0.3],
							"rotation": [0, 0, 27.5],
							"uv": {
								"north": {"uv": [44.5, 13], "uv_size": [5, 6]},
								"east": {"uv": [44.5, 13], "uv_size": [5, 6]},
								"south": {"uv": [44.5, 13], "uv_size": [5, 6]},
								"west": {"uv": [44.5, 13], "uv_size": [5, 6]},
								"up": {"uv": [37, 19], "uv_size": [2, 3]},
								"down": {"uv": [49.5, 19], "uv_size": [-5, -6]}
							}
						}
					]
				},
				{
					"name": "bone6",
					"parent": "bone17",
					"pivot": [4.025, 5.675, -0.575],
					"cubes": [
						{
							"origin": [3.45, 4.075, -1.15],
							"size": [1.15, 1.6, 1.15],
							"uv": {
								"north": {"uv": [44.5, 13], "uv_size": [5, 6]},
								"east": {"uv": [44.5, 13], "uv_size": [5, 6]},
								"south": {"uv": [44.5, 13], "uv_size": [5, 6]},
								"west": {"uv": [44.5, 13], "uv_size": [5, 6]},
								"up": {"uv": [49.5, 19], "uv_size": [-5, -6]},
								"down": {"uv": [49.5, 19], "uv_size": [-5, -6]}
							}
						},
						{
							"origin": [4.2, 1.875, -0.9],
							"size": [0.65, 1.6, 0.65],
							"pivot": [0, 0.5, 0],
							"rotation": [0, 0, -10],
							"uv": {
								"north": {"uv": [44.5, 13], "uv_size": [5, 6]},
								"east": {"uv": [44.5, 13], "uv_size": [5, 6]},
								"south": {"uv": [44.5, 13], "uv_size": [5, 6]},
								"west": {"uv": [44.5, 13], "uv_size": [5, 6]},
								"up": {"uv": [37, 19], "uv_size": [2, 3]},
								"down": {"uv": [49.5, 19], "uv_size": [-5, -6]}
							}
						},
						{
							"origin": [4.5, -0.425, -0.8],
							"size": [0.45, 1.6, 0.45],
							"pivot": [0, 0.5, 0],
							"rotation": [0, 0, -20],
							"uv": {
								"north": {"uv": [44.5, 13], "uv_size": [5, 6]},
								"east": {"uv": [44.5, 13], "uv_size": [5, 6]},
								"south": {"uv": [44.5, 13], "uv_size": [5, 6]},
								"west": {"uv": [44.5, 13], "uv_size": [5, 6]},
								"up": {"uv": [37, 19], "uv_size": [2, 3]},
								"down": {"uv": [49.5, 19], "uv_size": [-5, -6]}
							}
						}
					]
				},
				{
					"name": "left_arm2",
					"parent": "bone",
					"pivot": [-4.025, 34.425, 0],
					"cubes": [
						{
							"origin": [-6.325, 23.5, -1.05],
							"size": [2.3, 12, 2.9],
							"uv": {
								"north": {"uv": [14, 34], "uv_size": [2, 12]},
								"east": {"uv": [28, 0], "uv_size": [-3, 12]},
								"south": {"uv": [16, 34], "uv_size": [2, 12]},
								"west": {"uv": [25, 12], "uv_size": [3, 12]},
								"up": {"uv": [39, 13], "uv_size": [-2, 3]},
								"down": {"uv": [37, 19], "uv_size": [2, -3]}
							}
						}
					]
				},
				{
					"name": "bone9",
					"parent": "left_arm2",
					"pivot": [-5.175, 23.5, 0.1],
					"cubes": [
						{
							"origin": [-6.325, 5.675, -1.05],
							"size": [2.3, 17.825, 2.875],
							"uv": {
								"north": {"uv": [3, 26], "uv_size": [2, 18]},
								"east": {"uv": [0, 17], "uv_size": [3, 18]},
								"south": {"uv": [5, 26], "uv_size": [-2, 18]},
								"west": {"uv": [0, 17], "uv_size": [3, 18]},
								"up": {"uv": [37, 19], "uv_size": [2, 3]},
								"down": {"uv": [37, 25], "uv_size": [2, -3]}
							}
						}
					]
				},
				{
					"name": "bone20",
					"parent": "bone9",
					"pivot": [-5.175, 23.5, 0.1]
				},
				{
					"name": "bone13",
					"parent": "bone20",
					"pivot": [-4.025, 5.675, -0.475],
					"cubes": [
						{
							"origin": [-4.6, 4.075, -1.05],
							"size": [1.15, 1.6, 1.15],
							"uv": {
								"north": {"uv": [44.5, 13], "uv_size": [5, 6]},
								"east": {"uv": [44.5, 13], "uv_size": [5, 6]},
								"south": {"uv": [44.5, 13], "uv_size": [5, 6]},
								"west": {"uv": [44.5, 13], "uv_size": [5, 6]},
								"up": {"uv": [49.5, 19], "uv_size": [-5, -6]},
								"down": {"uv": [49.5, 19], "uv_size": [-5, -6]}
							}
						},
						{
							"origin": [-4.85, 1.775, -0.8],
							"size": [0.65, 1.6, 0.65],
							"pivot": [0, 0.5, 0.1],
							"rotation": [0, 0, 10],
							"uv": {
								"north": {"uv": [44.5, 13], "uv_size": [5, 6]},
								"east": {"uv": [44.5, 13], "uv_size": [5, 6]},
								"south": {"uv": [44.5, 13], "uv_size": [5, 6]},
								"west": {"uv": [44.5, 13], "uv_size": [5, 6]},
								"up": {"uv": [49.5, 19], "uv_size": [-5, -6]},
								"down": {"uv": [49.5, 19], "uv_size": [-5, -6]}
							}
						},
						{
							"origin": [-4.925, -0.525, -0.7],
							"size": [0.45, 1.6, 0.45],
							"pivot": [0, 0.5, 0.1],
							"rotation": [0, 0, 20],
							"uv": {
								"north": {"uv": [44.5, 13], "uv_size": [5, 6]},
								"east": {"uv": [44.5, 13], "uv_size": [5, 6]},
								"south": {"uv": [44.5, 13], "uv_size": [5, 6]},
								"west": {"uv": [44.5, 13], "uv_size": [5, 6]},
								"up": {"uv": [49.5, 19], "uv_size": [-5, -6]},
								"down": {"uv": [49.5, 19], "uv_size": [-5, -6]}
							}
						}
					]
				},
				{
					"name": "bone12",
					"parent": "bone20",
					"pivot": [-6.325, 5.675, -0.475],
					"cubes": [
						{
							"origin": [-6.9, 3.075, -1.35],
							"size": [1.15, 2.6, 1.15],
							"uv": {
								"north": {"uv": [44.5, 13], "uv_size": [5, 6]},
								"east": {"uv": [44.5, 13], "uv_size": [5, 6]},
								"south": {"uv": [44.5, 13], "uv_size": [5, 6]},
								"west": {"uv": [44.5, 13], "uv_size": [5, 6]},
								"up": {"uv": [49.5, 19], "uv_size": [-5, -6]},
								"down": {"uv": [49.5, 19], "uv_size": [-5, -6]}
							}
						},
						{
							"origin": [-5.95, 2.075, -1.1],
							"size": [0.65, 2.6, 0.65],
							"pivot": [0, 0.5, -0.2],
							"rotation": [0, 0, -12.5],
							"uv": {
								"north": {"uv": [44.5, 13], "uv_size": [5, 6]},
								"east": {"uv": [44.5, 13], "uv_size": [5, 6]},
								"south": {"uv": [44.5, 13], "uv_size": [5, 6]},
								"west": {"uv": [44.5, 13], "uv_size": [5, 6]},
								"up": {"uv": [49.5, 19], "uv_size": [-5, -6]},
								"down": {"uv": [49.5, 19], "uv_size": [-5, -6]}
							}
						},
						{
							"origin": [-5.25, 0.975, -1],
							"size": [0.45, 2.6, 0.45],
							"pivot": [0, 0.5, -0.2],
							"rotation": [0, 0, -27.5],
							"uv": {
								"north": {"uv": [44.5, 13], "uv_size": [5, 6]},
								"east": {"uv": [44.5, 13], "uv_size": [5, 6]},
								"south": {"uv": [44.5, 13], "uv_size": [5, 6]},
								"west": {"uv": [44.5, 13], "uv_size": [5, 6]},
								"up": {"uv": [49.5, 19], "uv_size": [-5, -6]},
								"down": {"uv": [49.5, 19], "uv_size": [-5, -6]}
							}
						}
					]
				},
				{
					"name": "bone11",
					"parent": "bone20",
					"pivot": [-6.325, 5.675, 0.675],
					"cubes": [
						{
							"origin": [-6.9, 3.075, -0.2],
							"size": [1.15, 2.6, 1.15],
							"uv": {
								"north": {"uv": [44.5, 13], "uv_size": [5, 6]},
								"east": {"uv": [44.5, 13], "uv_size": [5, 6]},
								"south": {"uv": [44.5, 13], "uv_size": [5, 6]},
								"west": {"uv": [44.5, 13], "uv_size": [5, 6]},
								"up": {"uv": [49.5, 19], "uv_size": [-5, -6]},
								"down": {"uv": [49.5, 19], "uv_size": [-5, -6]}
							}
						},
						{
							"origin": [-6.25, 1.575, 0.05],
							"size": [0.65, 2.6, 0.65],
							"pivot": [0, 0.5, -0.2],
							"rotation": [0, 0, -10],
							"uv": {
								"north": {"uv": [44.5, 13], "uv_size": [5, 6]},
								"east": {"uv": [44.5, 13], "uv_size": [5, 6]},
								"south": {"uv": [44.5, 13], "uv_size": [5, 6]},
								"west": {"uv": [44.5, 13], "uv_size": [5, 6]},
								"up": {"uv": [49.5, 19], "uv_size": [-5, -6]},
								"down": {"uv": [49.5, 19], "uv_size": [-5, -6]}
							}
						},
						{
							"origin": [-5.65, 0.575, 0.15],
							"size": [0.45, 2.6, 0.45],
							"pivot": [0, 0.5, -0.2],
							"rotation": [0, 0, -25],
							"uv": {
								"north": {"uv": [44.5, 13], "uv_size": [5, 6]},
								"east": {"uv": [44.5, 13], "uv_size": [5, 6]},
								"south": {"uv": [44.5, 13], "uv_size": [5, 6]},
								"west": {"uv": [44.5, 13], "uv_size": [5, 6]},
								"up": {"uv": [49.5, 19], "uv_size": [-5, -6]},
								"down": {"uv": [49.5, 19], "uv_size": [-5, -6]}
							}
						}
					]
				},
				{
					"name": "bone10",
					"parent": "bone20",
					"pivot": [-6.325, 5.675, 1.825],
					"cubes": [
						{
							"origin": [-6.9, 3.075, 0.95],
							"size": [1.15, 2.6, 1.15],
							"uv": {
								"north": {"uv": [44.5, 13], "uv_size": [5, 6]},
								"east": {"uv": [44.5, 13], "uv_size": [5, 6]},
								"south": {"uv": [44.5, 13], "uv_size": [5, 6]},
								"west": {"uv": [44.5, 13], "uv_size": [5, 6]},
								"up": {"uv": [49.5, 19], "uv_size": [-5, -6]},
								"down": {"uv": [49.5, 19], "uv_size": [-5, -6]}
							}
						},
						{
							"origin": [-6.35, 1.375, 1.2],
							"size": [0.65, 2.6, 0.65],
							"pivot": [0, 0.5, -0.2],
							"rotation": [0, 0, -7.5],
							"uv": {
								"north": {"uv": [44.5, 13], "uv_size": [5, 6]},
								"east": {"uv": [44.5, 13], "uv_size": [5, 6]},
								"south": {"uv": [44.5, 13], "uv_size": [5, 6]},
								"west": {"uv": [44.5, 13], "uv_size": [5, 6]},
								"up": {"uv": [49.5, 19], "uv_size": [-5, -6]},
								"down": {"uv": [49.5, 19], "uv_size": [-5, -6]}
							}
						},
						{
							"origin": [-5.15, 1.575, 1.3],
							"size": [0.45, 2.6, 0.45],
							"pivot": [0, 0.5, -0.2],
							"rotation": [0, 0, -35],
							"uv": {
								"north": {"uv": [44.5, 13], "uv_size": [5, 6]},
								"east": {"uv": [44.5, 13], "uv_size": [5, 6]},
								"south": {"uv": [44.5, 13], "uv_size": [5, 6]},
								"west": {"uv": [44.5, 13], "uv_size": [5, 6]},
								"up": {"uv": [49.5, 19], "uv_size": [-5, -6]},
								"down": {"uv": [49.5, 19], "uv_size": [-5, -6]}
							}
						}
					]
				},
				{
					"name": "neck",
					"parent": "bone",
					"pivot": [0, 35.8, 0],
					"cubes": [
						{
							"origin": [-1.5, 36.6, -1.3],
							"size": [3, 5, 3],
							"uv": {
								"north": {"uv": [36, 0], "uv_size": [3, 5]},
								"east": {"uv": [39, 32], "uv_size": [-3, 5]},
								"south": {"uv": [36, 27], "uv_size": [3, 5]},
								"west": {"uv": [36, 32], "uv_size": [3, 5]},
								"up": {"uv": [5, 37], "uv_size": [3, 3]},
								"down": {"uv": [8, 40], "uv_size": [3, -3]}
							}
						},
						{
							"origin": [-0.5, 36.6, 1.2],
							"size": [1, 5, 1],
							"uv": {
								"north": {"uv": [36, 0], "uv_size": [3, 5]},
								"east": {"uv": [39, 32], "uv_size": [-3, 5]},
								"south": {"uv": [37, 27], "uv_size": [1, 5]},
								"west": {"uv": [36, 32], "uv_size": [3, 5]},
								"up": {"uv": [5, 37], "uv_size": [3, 3]},
								"down": {"uv": [8, 40], "uv_size": [3, -3]}
							}
						}
					]
				},
				{
					"name": "bone14",
					"parent": "neck",
					"pivot": [0, 41.5, 0.3],
					"cubes": [
						{
							"origin": [-1.3, 41.6, -1.3],
							"size": [2.6, 5, 3],
							"uv": {
								"north": {"uv": [36, 0], "uv_size": [3, 5]},
								"east": {"uv": [39, 32], "uv_size": [-3, 5]},
								"south": {"uv": [36, 27], "uv_size": [3, 5]},
								"west": {"uv": [36, 32], "uv_size": [3, 5]},
								"up": {"uv": [5, 37], "uv_size": [3, 3]},
								"down": {"uv": [8, 40], "uv_size": [3, -3]}
							}
						},
						{
							"origin": [-0.4, 41.1, 1.2],
							"size": [0.8, 5.5, 0.8],
							"uv": {
								"north": {"uv": [36, 0], "uv_size": [3, 5]},
								"east": {"uv": [39, 32], "uv_size": [-3, 5]},
								"south": {"uv": [37, 27], "uv_size": [1, 5]},
								"west": {"uv": [36, 32], "uv_size": [3, 5]},
								"up": {"uv": [5, 37], "uv_size": [3, 3]},
								"down": {"uv": [8, 40], "uv_size": [3, -3]}
							}
						}
					]
				},
				{
					"name": "h_head",
					"parent": "bone14",
					"pivot": [0, 47.2, -1.075],
					"cubes": [
						{
							"origin": [-1.5, 47.05, -6.35],
							"size": [0.5, 0.5, 0.4],
							"uv": {
								"north": {"uv": [44.5, 22], "uv_size": [5, 6]},
								"east": {"uv": [44.5, 22], "uv_size": [5, 6]},
								"south": {"uv": [44.5, 22], "uv_size": [5, 6]},
								"west": {"uv": [44.5, 22], "uv_size": [5, 6]},
								"up": {"uv": [49.5, 28], "uv_size": [-5, -6]},
								"down": {"uv": [49.5, 28], "uv_size": [-5, -6]}
							}
						},
						{
							"origin": [1, 47.05, -6.35],
							"size": [0.5, 0.5, 0.4],
							"uv": {
								"north": {"uv": [44.5, 22], "uv_size": [5, 6]},
								"east": {"uv": [44.5, 22], "uv_size": [5, 6]},
								"south": {"uv": [44.5, 22], "uv_size": [5, 6]},
								"west": {"uv": [44.5, 22], "uv_size": [5, 6]},
								"up": {"uv": [49.5, 28], "uv_size": [-5, -6]},
								"down": {"uv": [49.5, 28], "uv_size": [-5, -6]}
							}
						},
						{
							"origin": [1, 45.55, -6.45],
							"size": [0.5, 0.5, 0.5],
							"uv": {
								"north": {"uv": [53.5, 13], "uv_size": [5, 6]},
								"east": {"uv": [53.5, 13], "uv_size": [5, 6]},
								"south": {"uv": [53.5, 13], "uv_size": [5, 6]},
								"west": {"uv": [53.5, 13], "uv_size": [5, 6]},
								"up": {"uv": [58.5, 19], "uv_size": [-5, -6]},
								"down": {"uv": [58.5, 19], "uv_size": [-5, -6]}
							}
						},
						{
							"origin": [-1, 46.55, -6.45],
							"size": [0.5, 0.5, 0.5],
							"uv": {
								"north": {"uv": [53.5, 13], "uv_size": [5, 6]},
								"east": {"uv": [53.5, 13], "uv_size": [5, 6]},
								"south": {"uv": [53.5, 13], "uv_size": [5, 6]},
								"west": {"uv": [53.5, 13], "uv_size": [5, 6]},
								"up": {"uv": [58.5, 19], "uv_size": [-5, -6]},
								"down": {"uv": [58.5, 19], "uv_size": [-5, -6]}
							}
						},
						{
							"origin": [-1, 47.05, -6.45],
							"size": [0.5, 0.5, 0.5],
							"uv": {
								"north": {"uv": [53.5, 13], "uv_size": [5, 6]},
								"east": {"uv": [53.5, 13], "uv_size": [5, 6]},
								"south": {"uv": [53.5, 13], "uv_size": [5, 6]},
								"west": {"uv": [53.5, 13], "uv_size": [5, 6]},
								"up": {"uv": [58.5, 19], "uv_size": [-5, -6]},
								"down": {"uv": [58.5, 19], "uv_size": [-5, -6]}
							}
						},
						{
							"origin": [-2, 47.05, -6.45],
							"size": [0.5, 0.5, 0.5],
							"uv": {
								"north": {"uv": [53.5, 13], "uv_size": [5, 6]},
								"east": {"uv": [53.5, 13], "uv_size": [5, 6]},
								"south": {"uv": [53.5, 13], "uv_size": [5, 6]},
								"west": {"uv": [53.5, 13], "uv_size": [5, 6]},
								"up": {"uv": [58.5, 19], "uv_size": [-5, -6]},
								"down": {"uv": [58.5, 19], "uv_size": [-5, -6]}
							}
						},
						{
							"origin": [-1, 47.55, -6.45],
							"size": [0.5, 0.5, 0.5],
							"uv": {
								"north": {"uv": [53.5, 13], "uv_size": [5, 6]},
								"east": {"uv": [53.5, 13], "uv_size": [5, 6]},
								"south": {"uv": [53.5, 13], "uv_size": [5, 6]},
								"west": {"uv": [53.5, 13], "uv_size": [5, 6]},
								"up": {"uv": [58.5, 19], "uv_size": [-5, -6]},
								"down": {"uv": [58.5, 19], "uv_size": [-5, -6]}
							}
						},
						{
							"origin": [-2, 47.55, -6.45],
							"size": [0.5, 0.5, 0.5],
							"uv": {
								"north": {"uv": [53.5, 13], "uv_size": [5, 6]},
								"east": {"uv": [53.5, 13], "uv_size": [5, 6]},
								"south": {"uv": [53.5, 13], "uv_size": [5, 6]},
								"west": {"uv": [53.5, 13], "uv_size": [5, 6]},
								"up": {"uv": [58.5, 19], "uv_size": [-5, -6]},
								"down": {"uv": [58.5, 19], "uv_size": [-5, -6]}
							}
						},
						{
							"origin": [-1.5, 48.05, -6.45],
							"size": [0.5, 0.5, 0.5],
							"uv": {
								"north": {"uv": [53.5, 13], "uv_size": [5, 6]},
								"east": {"uv": [53.5, 13], "uv_size": [5, 6]},
								"south": {"uv": [53.5, 13], "uv_size": [5, 6]},
								"west": {"uv": [53.5, 13], "uv_size": [5, 6]},
								"up": {"uv": [58.5, 19], "uv_size": [-5, -6]},
								"down": {"uv": [58.5, 19], "uv_size": [-5, -6]}
							}
						},
						{
							"origin": [-2, 46.55, -6.45],
							"size": [0.5, 0.5, 0.5],
							"uv": {
								"north": {"uv": [53.5, 13], "uv_size": [5, 6]},
								"east": {"uv": [53.5, 13], "uv_size": [5, 6]},
								"south": {"uv": [53.5, 13], "uv_size": [5, 6]},
								"west": {"uv": [53.5, 13], "uv_size": [5, 6]},
								"up": {"uv": [58.5, 19], "uv_size": [-5, -6]},
								"down": {"uv": [58.5, 19], "uv_size": [-5, -6]}
							}
						},
						{
							"origin": [1, 46.05, -6.45],
							"size": [0.5, 0.5, 0.5],
							"uv": {
								"north": {"uv": [53.5, 13], "uv_size": [5, 6]},
								"east": {"uv": [53.5, 13], "uv_size": [5, 6]},
								"south": {"uv": [53.5, 13], "uv_size": [5, 6]},
								"west": {"uv": [53.5, 13], "uv_size": [5, 6]},
								"up": {"uv": [58.5, 19], "uv_size": [-5, -6]},
								"down": {"uv": [58.5, 19], "uv_size": [-5, -6]}
							}
						},
						{
							"origin": [1.5, 46.05, -6.45],
							"size": [0.5, 0.5, 0.5],
							"uv": {
								"north": {"uv": [53.5, 13], "uv_size": [5, 6]},
								"east": {"uv": [53.5, 13], "uv_size": [5, 6]},
								"south": {"uv": [53.5, 13], "uv_size": [5, 6]},
								"west": {"uv": [53.5, 13], "uv_size": [5, 6]},
								"up": {"uv": [58.5, 19], "uv_size": [-5, -6]},
								"down": {"uv": [58.5, 19], "uv_size": [-5, -6]}
							}
						},
						{
							"origin": [1.5, 46.55, -6.45],
							"size": [0.5, 0.5, 0.5],
							"uv": {
								"north": {"uv": [53.5, 13], "uv_size": [5, 6]},
								"east": {"uv": [53.5, 13], "uv_size": [5, 6]},
								"south": {"uv": [53.5, 13], "uv_size": [5, 6]},
								"west": {"uv": [53.5, 13], "uv_size": [5, 6]},
								"up": {"uv": [58.5, 19], "uv_size": [-5, -6]},
								"down": {"uv": [58.5, 19], "uv_size": [-5, -6]}
							}
						},
						{
							"origin": [0.5, 46.55, -6.45],
							"size": [0.5, 0.5, 0.5],
							"uv": {
								"north": {"uv": [53.5, 13], "uv_size": [5, 6]},
								"east": {"uv": [53.5, 13], "uv_size": [5, 6]},
								"south": {"uv": [53.5, 13], "uv_size": [5, 6]},
								"west": {"uv": [53.5, 13], "uv_size": [5, 6]},
								"up": {"uv": [58.5, 19], "uv_size": [-5, -6]},
								"down": {"uv": [58.5, 19], "uv_size": [-5, -6]}
							}
						},
						{
							"origin": [1.5, 47.05, -6.45],
							"size": [0.5, 0.5, 0.5],
							"uv": {
								"north": {"uv": [53.5, 13], "uv_size": [5, 6]},
								"east": {"uv": [53.5, 13], "uv_size": [5, 6]},
								"south": {"uv": [53.5, 13], "uv_size": [5, 6]},
								"west": {"uv": [53.5, 13], "uv_size": [5, 6]},
								"up": {"uv": [58.5, 19], "uv_size": [-5, -6]},
								"down": {"uv": [58.5, 19], "uv_size": [-5, -6]}
							}
						},
						{
							"origin": [0.5, 47.05, -6.45],
							"size": [0.5, 0.5, 0.5],
							"uv": {
								"north": {"uv": [53.5, 13], "uv_size": [5, 6]},
								"east": {"uv": [53.5, 13], "uv_size": [5, 6]},
								"south": {"uv": [53.5, 13], "uv_size": [5, 6]},
								"west": {"uv": [53.5, 13], "uv_size": [5, 6]},
								"up": {"uv": [58.5, 19], "uv_size": [-5, -6]},
								"down": {"uv": [58.5, 19], "uv_size": [-5, -6]}
							}
						},
						{
							"origin": [1.5, 47.55, -6.45],
							"size": [0.5, 0.5, 0.5],
							"uv": {
								"north": {"uv": [53.5, 13], "uv_size": [5, 6]},
								"east": {"uv": [53.5, 13], "uv_size": [5, 6]},
								"south": {"uv": [53.5, 13], "uv_size": [5, 6]},
								"west": {"uv": [53.5, 13], "uv_size": [5, 6]},
								"up": {"uv": [58.5, 19], "uv_size": [-5, -6]},
								"down": {"uv": [58.5, 19], "uv_size": [-5, -6]}
							}
						},
						{
							"origin": [0.5, 47.55, -6.45],
							"size": [0.5, 0.5, 0.5],
							"uv": {
								"north": {"uv": [53.5, 13], "uv_size": [5, 6]},
								"east": {"uv": [53.5, 13], "uv_size": [5, 6]},
								"south": {"uv": [53.5, 13], "uv_size": [5, 6]},
								"west": {"uv": [53.5, 13], "uv_size": [5, 6]},
								"up": {"uv": [58.5, 19], "uv_size": [-5, -6]},
								"down": {"uv": [58.5, 19], "uv_size": [-5, -6]}
							}
						},
						{
							"origin": [1, 48.05, -6.45],
							"size": [0.5, 0.5, 0.5],
							"uv": {
								"north": {"uv": [53.5, 13], "uv_size": [5, 6]},
								"east": {"uv": [53.5, 13], "uv_size": [5, 6]},
								"south": {"uv": [53.5, 13], "uv_size": [5, 6]},
								"west": {"uv": [53.5, 13], "uv_size": [5, 6]},
								"up": {"uv": [58.5, 19], "uv_size": [-5, -6]},
								"down": {"uv": [58.5, 19], "uv_size": [-5, -6]}
							}
						},
						{
							"origin": [-1.5, 45.55, -6.45],
							"size": [0.5, 0.5, 0.5],
							"uv": {
								"north": {"uv": [53.5, 13], "uv_size": [5, 6]},
								"east": {"uv": [53.5, 13], "uv_size": [5, 6]},
								"south": {"uv": [53.5, 13], "uv_size": [5, 6]},
								"west": {"uv": [53.5, 13], "uv_size": [5, 6]},
								"up": {"uv": [58.5, 19], "uv_size": [-5, -6]},
								"down": {"uv": [58.5, 19], "uv_size": [-5, -6]}
							}
						},
						{
							"origin": [-1.5, 46.05, -6.45],
							"size": [0.5, 0.5, 0.5],
							"uv": {
								"north": {"uv": [53.5, 13], "uv_size": [5, 6]},
								"east": {"uv": [53.5, 13], "uv_size": [5, 6]},
								"south": {"uv": [53.5, 13], "uv_size": [5, 6]},
								"west": {"uv": [53.5, 13], "uv_size": [5, 6]},
								"up": {"uv": [58.5, 19], "uv_size": [-5, -6]},
								"down": {"uv": [58.5, 19], "uv_size": [-5, -6]}
							}
						},
						{
							"origin": [-2, 46.05, -6.45],
							"size": [0.5, 0.5, 0.5],
							"uv": {
								"north": {"uv": [53.5, 13], "uv_size": [5, 6]},
								"east": {"uv": [53.5, 13], "uv_size": [5, 6]},
								"south": {"uv": [53.5, 13], "uv_size": [5, 6]},
								"west": {"uv": [53.5, 13], "uv_size": [5, 6]},
								"up": {"uv": [58.5, 19], "uv_size": [-5, -6]},
								"down": {"uv": [58.5, 19], "uv_size": [-5, -6]}
							}
						},
						{
							"origin": [-2.5, 43.05, -6.25],
							"size": [5, 6, 5],
							"uv": {
								"north": {"uv": [19.5, 0], "uv_size": [5, 6]},
								"east": {"uv": [27, 28], "uv_size": [5, 6]},
								"south": {"uv": [19.5, 6], "uv_size": [5, 6]},
								"west": {"uv": [32, 28], "uv_size": [-5, 6]},
								"up": {"uv": [19.5, 30], "uv_size": [5, 5]},
								"down": {"uv": [31, 17], "uv_size": [6, -5]}
							}
						}
					]
				},
				{
					"name": "h_jaw",
					"parent": "h_head",
					"pivot": [0, 43.9125, -3.6625],
					"cubes": [
						{
							"origin": [0, 38.1, -4.025],
							"size": [0, 1, 0],
							"uv": {
								"north": {"uv": [2, 62], "uv_size": [3.5, -3]},
								"east": {"uv": [3, 58], "uv_size": [2.5, 3]},
								"south": {"uv": [2, 62], "uv_size": [3, -3]},
								"west": {"uv": [2, 58.5], "uv_size": [4, 3.5]},
								"up": {"uv": [3.5, 61], "uv_size": [0, 0]},
								"down": {"uv": [23, 53], "uv_size": [-3, 4]}
							}
						},
						{
							"origin": [-2.2, 34.1, -2.675],
							"size": [4.4, 9, 0.5],
							"uv": {
								"north": {"uv": [8, 17], "uv_size": [5, 9]},
								"east": {"uv": [53.5, 60], "uv_size": [-5, 4]},
								"south": {"uv": [8, 17], "uv_size": [5, 9]},
								"west": {"uv": [53.5, 60], "uv_size": [-5, 4]},
								"up": {"uv": [48.5, 64], "uv_size": [5, -4]},
								"down": {"uv": [48.5, 64], "uv_size": [5, -4]}
							}
						},
						{
							"origin": [1.8, 34.1, -5.875],
							"size": [0.4, 9, 3.7],
							"uv": {
								"north": {"uv": [0, 64], "uv_size": [0, 0]},
								"east": {"uv": [25, 21], "uv_size": [-4, 9]},
								"south": {"uv": [0, 64], "uv_size": [0, 0]},
								"west": {"uv": [21, 21], "uv_size": [4, 9]},
								"up": {"uv": [0, 64], "uv_size": [0, 0]},
								"down": {"uv": [0, 64], "uv_size": [0, 0]}
							}
						},
						{
							"origin": [-2.2, 34.1, -5.875],
							"size": [0.4, 9, 3.7],
							"uv": {
								"north": {"uv": [0, 64], "uv_size": [0, 0]},
								"east": {"uv": [21, 12], "uv_size": [4, 9]},
								"south": {"uv": [0, 64], "uv_size": [0, 0]},
								"west": {"uv": [1.5, 62], "uv_size": [4.5, -4]},
								"up": {"uv": [0, 64], "uv_size": [0, 0]},
								"down": {"uv": [0, 64], "uv_size": [0, 0]}
							}
						},
						{
							"origin": [-2.2, 34.1, -5.875],
							"size": [4.4, 0.5, 3.7],
							"uv": {
								"north": {"uv": [59, 55], "uv_size": [2, 9]},
								"east": {"uv": [59, 55], "uv_size": [2, 9]},
								"south": {"uv": [59, 55], "uv_size": [2, 9]},
								"west": {"uv": [59, 55], "uv_size": [2, 9]},
								"up": {"uv": [31, 39], "uv_size": [5, -4]},
								"down": {"uv": [31, 39], "uv_size": [5, -4]}
							}
						}
					]
				},
				{
					"name": "bone16",
					"parent": "h_jaw",
					"pivot": [0, 48.4125, -3.6625],
					"cubes": [
						{
							"origin": [-0.8, 40.6, -6.075],
							"size": [0.3, 0.5, 0.5],
							"uv": {
								"north": {"uv": [40, 0], "uv_size": [2, 9]},
								"east": {"uv": [40, 0], "uv_size": [2, 9]},
								"south": {"uv": [40, 0], "uv_size": [2, 9]},
								"west": {"uv": [40, 0], "uv_size": [2, 9]},
								"up": {"uv": [42, 9], "uv_size": [-2, -9]},
								"down": {"uv": [42, 9], "uv_size": [-2, -9]}
							}
						},
						{
							"origin": [-1.7, 41.7, -6.075],
							"size": [0.3, 0.5, 0.5],
							"uv": {
								"north": {"uv": [40, 0], "uv_size": [2, 9]},
								"east": {"uv": [40, 0], "uv_size": [2, 9]},
								"south": {"uv": [40, 0], "uv_size": [2, 9]},
								"west": {"uv": [40, 0], "uv_size": [2, 9]},
								"up": {"uv": [42, 9], "uv_size": [-2, -9]},
								"down": {"uv": [42, 9], "uv_size": [-2, -9]}
							}
						},
						{
							"origin": [1.4, 41.7, -6.075],
							"size": [0.3, 0.5, 0.5],
							"uv": {
								"north": {"uv": [40, 0], "uv_size": [2, 9]},
								"east": {"uv": [40, 0], "uv_size": [2, 9]},
								"south": {"uv": [40, 0], "uv_size": [2, 9]},
								"west": {"uv": [40, 0], "uv_size": [2, 9]},
								"up": {"uv": [42, 9], "uv_size": [-2, -9]},
								"down": {"uv": [42, 9], "uv_size": [-2, -9]}
							}
						},
						{
							"origin": [-1.8, 42.1, -6.075],
							"size": [0.5, 0.1, 0.5],
							"uv": {
								"north": {"uv": [40, 0], "uv_size": [2, 9]},
								"east": {"uv": [40, 0], "uv_size": [2, 9]},
								"south": {"uv": [40, 0], "uv_size": [2, 9]},
								"west": {"uv": [40, 0], "uv_size": [2, 9]},
								"up": {"uv": [42, 9], "uv_size": [-2, -9]},
								"down": {"uv": [42, 9], "uv_size": [-2, -9]}
							}
						},
						{
							"origin": [-0.9, 41.1, -6.075],
							"size": [0.5, 0.1, 0.5],
							"uv": {
								"north": {"uv": [40, 0], "uv_size": [2, 9]},
								"east": {"uv": [40, 0], "uv_size": [2, 9]},
								"south": {"uv": [40, 0], "uv_size": [2, 9]},
								"west": {"uv": [40, 0], "uv_size": [2, 9]},
								"up": {"uv": [42, 9], "uv_size": [-2, -9]},
								"down": {"uv": [42, 9], "uv_size": [-2, -9]}
							}
						},
						{
							"origin": [-0.9, 35.6, -6.075],
							"size": [0.5, 0.1, 0.5],
							"uv": {
								"north": {"uv": [40, 0], "uv_size": [2, 9]},
								"east": {"uv": [40, 0], "uv_size": [2, 9]},
								"south": {"uv": [40, 0], "uv_size": [2, 9]},
								"west": {"uv": [40, 0], "uv_size": [2, 9]},
								"up": {"uv": [42, 9], "uv_size": [-2, -9]},
								"down": {"uv": [42, 9], "uv_size": [-2, -9]}
							}
						},
						{
							"origin": [-1.8, 36.6, -6.075],
							"size": [0.5, 0.1, 0.5],
							"uv": {
								"north": {"uv": [40, 0], "uv_size": [2, 9]},
								"east": {"uv": [40, 0], "uv_size": [2, 9]},
								"south": {"uv": [40, 0], "uv_size": [2, 9]},
								"west": {"uv": [40, 0], "uv_size": [2, 9]},
								"up": {"uv": [42, 9], "uv_size": [-2, -9]},
								"down": {"uv": [42, 9], "uv_size": [-2, -9]}
							}
						},
						{
							"origin": [0.4, 35.6, -6.075],
							"size": [0.5, 0.1, 0.5],
							"uv": {
								"north": {"uv": [40, 0], "uv_size": [2, 9]},
								"east": {"uv": [40, 0], "uv_size": [2, 9]},
								"south": {"uv": [40, 0], "uv_size": [2, 9]},
								"west": {"uv": [40, 0], "uv_size": [2, 9]},
								"up": {"uv": [42, 9], "uv_size": [-2, -9]},
								"down": {"uv": [42, 9], "uv_size": [-2, -9]}
							}
						},
						{
							"origin": [1.3, 36.6, -6.075],
							"size": [0.5, 0.1, 0.5],
							"uv": {
								"north": {"uv": [40, 0], "uv_size": [2, 9]},
								"east": {"uv": [40, 0], "uv_size": [2, 9]},
								"south": {"uv": [40, 0], "uv_size": [2, 9]},
								"west": {"uv": [40, 0], "uv_size": [2, 9]},
								"up": {"uv": [42, 9], "uv_size": [-2, -9]},
								"down": {"uv": [42, 9], "uv_size": [-2, -9]}
							}
						},
						{
							"origin": [1.3, 42.1, -6.075],
							"size": [0.5, 0.1, 0.5],
							"uv": {
								"north": {"uv": [40, 0], "uv_size": [2, 9]},
								"east": {"uv": [40, 0], "uv_size": [2, 9]},
								"south": {"uv": [40, 0], "uv_size": [2, 9]},
								"west": {"uv": [40, 0], "uv_size": [2, 9]},
								"up": {"uv": [42, 9], "uv_size": [-2, -9]},
								"down": {"uv": [42, 9], "uv_size": [-2, -9]}
							}
						},
						{
							"origin": [-0.7, 40.1, -6.075],
							"size": [0.1, 0.5, 0.5],
							"uv": {
								"north": {"uv": [40, 0], "uv_size": [2, 9]},
								"east": {"uv": [40, 0], "uv_size": [2, 9]},
								"south": {"uv": [40, 0], "uv_size": [2, 9]},
								"west": {"uv": [40, 0], "uv_size": [2, 9]},
								"up": {"uv": [42, 9], "uv_size": [-2, -9]},
								"down": {"uv": [42, 9], "uv_size": [-2, -9]}
							}
						},
						{
							"origin": [-1.6, 41.1, -6.075],
							"size": [0.1, 0.6, 0.5],
							"uv": {
								"north": {"uv": [40, 0], "uv_size": [2, 9]},
								"east": {"uv": [40, 0], "uv_size": [2, 9]},
								"south": {"uv": [40, 0], "uv_size": [2, 9]},
								"west": {"uv": [40, 0], "uv_size": [2, 9]},
								"up": {"uv": [42, 9], "uv_size": [-2, -9]},
								"down": {"uv": [42, 9], "uv_size": [-2, -9]}
							}
						},
						{
							"origin": [1.5, 41.1, -6.075],
							"size": [0.1, 0.6, 0.5],
							"uv": {
								"north": {"uv": [40, 0], "uv_size": [2, 9]},
								"east": {"uv": [40, 0], "uv_size": [2, 9]},
								"south": {"uv": [40, 0], "uv_size": [2, 9]},
								"west": {"uv": [40, 0], "uv_size": [2, 9]},
								"up": {"uv": [42, 9], "uv_size": [-2, -9]},
								"down": {"uv": [42, 9], "uv_size": [-2, -9]}
							}
						},
						{
							"origin": [-6.7, 40.8, -6.075],
							"size": [0.1, 1, 0.5],
							"pivot": [-7.5, 6.1, 0],
							"rotation": [0, 0, 10],
							"uv": {
								"north": {"uv": [40, 0], "uv_size": [2, 9]},
								"east": {"uv": [40, 0], "uv_size": [2, 9]},
								"south": {"uv": [40, 0], "uv_size": [2, 9]},
								"west": {"uv": [40, 0], "uv_size": [2, 9]},
								"up": {"uv": [42, 9], "uv_size": [-2, -9]},
								"down": {"uv": [42, 9], "uv_size": [-2, -9]}
							}
						},
						{
							"origin": [-7.6, 41.8, -6.075],
							"size": [0.1, 1, 0.5],
							"pivot": [-8.4, 7.1, 0],
							"rotation": [0, 0, 10],
							"uv": {
								"north": {"uv": [40, 0], "uv_size": [2, 9]},
								"east": {"uv": [40, 0], "uv_size": [2, 9]},
								"south": {"uv": [40, 0], "uv_size": [2, 9]},
								"west": {"uv": [40, 0], "uv_size": [2, 9]},
								"up": {"uv": [42, 9], "uv_size": [-2, -9]},
								"down": {"uv": [42, 9], "uv_size": [-2, -9]}
							}
						},
						{
							"origin": [-4.5, 41.8, -6.075],
							"size": [0.1, 1, 0.5],
							"pivot": [-5.3, 7.1, 0],
							"rotation": [0, 0, 10],
							"uv": {
								"north": {"uv": [40, 0], "uv_size": [2, 9]},
								"east": {"uv": [40, 0], "uv_size": [2, 9]},
								"south": {"uv": [40, 0], "uv_size": [2, 9]},
								"west": {"uv": [40, 0], "uv_size": [2, 9]},
								"up": {"uv": [42, 9], "uv_size": [-2, -9]},
								"down": {"uv": [42, 9], "uv_size": [-2, -9]}
							}
						},
						{
							"origin": [5.1, 40.6, -6.075],
							"size": [0.1, 1, 0.5],
							"pivot": [4.8, 7.1, 0],
							"rotation": [0, 0, -10],
							"uv": {
								"north": {"uv": [40, 0], "uv_size": [2, 9]},
								"east": {"uv": [40, 0], "uv_size": [2, 9]},
								"south": {"uv": [40, 0], "uv_size": [2, 9]},
								"west": {"uv": [40, 0], "uv_size": [2, 9]},
								"up": {"uv": [42, 9], "uv_size": [-2, -9]},
								"down": {"uv": [42, 9], "uv_size": [-2, -9]}
							}
						},
						{
							"origin": [7.3, 41.6, -6.075],
							"size": [0.1, 1, 0.5],
							"pivot": [7, 8.1, 0],
							"rotation": [0, 0, -10],
							"uv": {
								"north": {"uv": [40, 0], "uv_size": [2, 9]},
								"east": {"uv": [40, 0], "uv_size": [2, 9]},
								"south": {"uv": [40, 0], "uv_size": [2, 9]},
								"west": {"uv": [40, 0], "uv_size": [2, 9]},
								"up": {"uv": [42, 9], "uv_size": [-2, -9]},
								"down": {"uv": [42, 9], "uv_size": [-2, -9]}
							}
						},
						{
							"origin": [4.2, 41.6, -6.075],
							"size": [0.1, 1, 0.5],
							"pivot": [3.9, 8.1, 0],
							"rotation": [0, 0, -10],
							"uv": {
								"north": {"uv": [40, 0], "uv_size": [2, 9]},
								"east": {"uv": [40, 0], "uv_size": [2, 9]},
								"south": {"uv": [40, 0], "uv_size": [2, 9]},
								"west": {"uv": [40, 0], "uv_size": [2, 9]},
								"up": {"uv": [42, 9], "uv_size": [-2, -9]},
								"down": {"uv": [42, 9], "uv_size": [-2, -9]}
							}
						},
						{
							"origin": [1.3, 42.6, -6.075],
							"size": [0.5, 0.5, 0.5],
							"uv": {
								"north": {"uv": [61.5, 24.5], "uv_size": [2.5, 9]},
								"east": {"uv": [61.5, 24.5], "uv_size": [2.5, 9]},
								"south": {"uv": [61.5, 24.5], "uv_size": [2.5, 9]},
								"west": {"uv": [61.5, 24.5], "uv_size": [2.5, 9]},
								"up": {"uv": [64, 33.5], "uv_size": [-2.5, -9]},
								"down": {"uv": [64, 33.5], "uv_size": [-2.5, -9]}
							}
						},
						{
							"origin": [-1.8, 42.6, -6.075],
							"size": [0.5, 0.5, 0.5],
							"uv": {
								"north": {"uv": [61.5, 24.5], "uv_size": [2.5, 9]},
								"east": {"uv": [61.5, 24.5], "uv_size": [2.5, 9]},
								"south": {"uv": [61.5, 24.5], "uv_size": [2.5, 9]},
								"west": {"uv": [61.5, 24.5], "uv_size": [2.5, 9]},
								"up": {"uv": [64, 33.5], "uv_size": [-2.5, -9]},
								"down": {"uv": [64, 33.5], "uv_size": [-2.5, -9]}
							}
						},
						{
							"origin": [-0.9, 42.6, -6.075],
							"size": [0.5, 0.5, 0.5],
							"uv": {
								"north": {"uv": [61.5, 24.5], "uv_size": [2.5, 9]},
								"east": {"uv": [61.5, 24.5], "uv_size": [2.5, 9]},
								"south": {"uv": [61.5, 24.5], "uv_size": [2.5, 9]},
								"west": {"uv": [61.5, 24.5], "uv_size": [2.5, 9]},
								"up": {"uv": [64, 33.5], "uv_size": [-2.5, -9]},
								"down": {"uv": [64, 33.5], "uv_size": [-2.5, -9]}
							}
						},
						{
							"origin": [0.4, 42.6, -6.075],
							"size": [0.5, 0.5, 0.5],
							"uv": {
								"north": {"uv": [61.5, 24.5], "uv_size": [2.5, 9]},
								"east": {"uv": [61.5, 24.5], "uv_size": [2.5, 9]},
								"south": {"uv": [61.5, 24.5], "uv_size": [2.5, 9]},
								"west": {"uv": [61.5, 24.5], "uv_size": [2.5, 9]},
								"up": {"uv": [64, 33.5], "uv_size": [-2.5, -9]},
								"down": {"uv": [64, 33.5], "uv_size": [-2.5, -9]}
							}
						},
						{
							"origin": [1.3, 42.2, -6.075],
							"size": [0.5, 0.4, 0.5],
							"uv": {
								"north": {"uv": [51, 0], "uv_size": [2, 9]},
								"east": {"uv": [51, 0], "uv_size": [2, 9]},
								"south": {"uv": [51, 0], "uv_size": [2, 9]},
								"west": {"uv": [51, 0], "uv_size": [2, 9]},
								"up": {"uv": [53, 9], "uv_size": [-2, -9]},
								"down": {"uv": [53, 9], "uv_size": [-2, -9]}
							}
						},
						{
							"origin": [-1.8, 42.2, -6.075],
							"size": [0.5, 0.4, 0.5],
							"uv": {
								"north": {"uv": [51, 0], "uv_size": [2, 9]},
								"east": {"uv": [51, 0], "uv_size": [2, 9]},
								"south": {"uv": [51, 0], "uv_size": [2, 9]},
								"west": {"uv": [51, 0], "uv_size": [2, 9]},
								"up": {"uv": [53, 9], "uv_size": [-2, -9]},
								"down": {"uv": [53, 9], "uv_size": [-2, -9]}
							}
						},
						{
							"origin": [0.4, 41.2, -6.075],
							"size": [0.5, 0.9, 0.5],
							"uv": {
								"north": {"uv": [51, 0], "uv_size": [2, 9]},
								"east": {"uv": [51, 0], "uv_size": [2, 9]},
								"south": {"uv": [51, 0], "uv_size": [2, 9]},
								"west": {"uv": [51, 0], "uv_size": [2, 9]},
								"up": {"uv": [53, 9], "uv_size": [-2, -9]},
								"down": {"uv": [53, 9], "uv_size": [-2, -9]}
							}
						},
						{
							"origin": [-0.9, 41.2, -6.075],
							"size": [0.5, 0.9, 0.5],
							"uv": {
								"north": {"uv": [51, 0], "uv_size": [2, 9]},
								"east": {"uv": [51, 0], "uv_size": [2, 9]},
								"south": {"uv": [51, 0], "uv_size": [2, 9]},
								"west": {"uv": [51, 0], "uv_size": [2, 9]},
								"up": {"uv": [53, 9], "uv_size": [-2, -9]},
								"down": {"uv": [53, 9], "uv_size": [-2, -9]}
							}
						},
						{
							"origin": [0.4, 42.1, -6.075],
							"size": [0.5, 0.5, 0.5],
							"uv": {
								"north": {"uv": [62, 0], "uv_size": [2, 9]},
								"east": {"uv": [62, 0], "uv_size": [2, 9]},
								"south": {"uv": [62, 0], "uv_size": [2, 9]},
								"west": {"uv": [62, 0], "uv_size": [2, 9]},
								"up": {"uv": [64, 9], "uv_size": [-2, -9]},
								"down": {"uv": [64, 9], "uv_size": [-2, -9]}
							}
						},
						{
							"origin": [-0.9, 42.1, -6.075],
							"size": [0.5, 0.5, 0.5],
							"uv": {
								"north": {"uv": [62, 0], "uv_size": [2, 9]},
								"east": {"uv": [62, 0], "uv_size": [2, 9]},
								"south": {"uv": [62, 0], "uv_size": [2, 9]},
								"west": {"uv": [62, 0], "uv_size": [2, 9]},
								"up": {"uv": [64, 9], "uv_size": [-2, -9]},
								"down": {"uv": [64, 9], "uv_size": [-2, -9]}
							}
						}
					]
				},
				{
					"name": "bone52",
					"parent": "bone16",
					"pivot": [0, 48.4125, -3.6625],
					"cubes": [
						{
							"origin": [0.5, 40.6, -6.075],
							"size": [0.3, 0.5, 0.5],
							"uv": {
								"north": {"uv": [40, 0], "uv_size": [2, 9]},
								"east": {"uv": [40, 0], "uv_size": [2, 9]},
								"south": {"uv": [40, 0], "uv_size": [2, 9]},
								"west": {"uv": [40, 0], "uv_size": [2, 9]},
								"up": {"uv": [42, 9], "uv_size": [-2, -9]},
								"down": {"uv": [42, 9], "uv_size": [-2, -9]}
							}
						},
						{
							"origin": [0.6, 40.1, -6.075],
							"size": [0.1, 0.5, 0.5],
							"uv": {
								"north": {"uv": [40, 0], "uv_size": [2, 9]},
								"east": {"uv": [40, 0], "uv_size": [2, 9]},
								"south": {"uv": [40, 0], "uv_size": [2, 9]},
								"west": {"uv": [40, 0], "uv_size": [2, 9]},
								"up": {"uv": [42, 9], "uv_size": [-2, -9]},
								"down": {"uv": [42, 9], "uv_size": [-2, -9]}
							}
						},
						{
							"origin": [6.4, 40.6, -6.075],
							"size": [0.1, 1, 0.5],
							"pivot": [6.1, 7.1, 0],
							"rotation": [0, 0, -10],
							"uv": {
								"north": {"uv": [40, 0], "uv_size": [2, 9]},
								"east": {"uv": [40, 0], "uv_size": [2, 9]},
								"south": {"uv": [40, 0], "uv_size": [2, 9]},
								"west": {"uv": [40, 0], "uv_size": [2, 9]},
								"up": {"uv": [42, 9], "uv_size": [-2, -9]},
								"down": {"uv": [42, 9], "uv_size": [-2, -9]}
							}
						},
						{
							"origin": [0.4, 41.1, -6.075],
							"size": [0.5, 0.1, 0.5],
							"uv": {
								"north": {"uv": [40, 0], "uv_size": [2, 9]},
								"east": {"uv": [40, 0], "uv_size": [2, 9]},
								"south": {"uv": [40, 0], "uv_size": [2, 9]},
								"west": {"uv": [40, 0], "uv_size": [2, 9]},
								"up": {"uv": [46, 9], "uv_size": [-2, -9]},
								"down": {"uv": [46, 9], "uv_size": [-2, -9]}
							}
						},
						{
							"origin": [-5.4, 40.8, -6.075],
							"size": [0.1, 1, 0.5],
							"pivot": [-6.2, 6.1, 0],
							"rotation": [0, 0, 10],
							"uv": {
								"north": {"uv": [40, 0], "uv_size": [2, 9]},
								"east": {"uv": [40, 0], "uv_size": [2, 9]},
								"south": {"uv": [40, 0], "uv_size": [2, 9]},
								"west": {"uv": [40, 0], "uv_size": [2, 9]},
								"up": {"uv": [42, 9], "uv_size": [-2, -9]},
								"down": {"uv": [42, 9], "uv_size": [-2, -9]}
							}
						}
					]
				},
				{
					"name": "bone15",
					"parent": "bone16",
					"pivot": [0, 43.9125, -3.8625],
					"cubes": [
						{
							"origin": [1.3, 36.1, -6.075],
							"size": [0.5, 0.5, 0.5],
							"uv": {
								"north": {"uv": [44, 0], "uv_size": [2, 9]},
								"east": {"uv": [44, 0], "uv_size": [2, 9]},
								"south": {"uv": [44, 0], "uv_size": [2, 9]},
								"west": {"uv": [44, 0], "uv_size": [2, 9]},
								"up": {"uv": [46, 9], "uv_size": [-2, -9]},
								"down": {"uv": [46, 9], "uv_size": [-2, -9]}
							}
						},
						{
							"origin": [-1.8, 36.1, -6.075],
							"size": [0.5, 0.5, 0.5],
							"uv": {
								"north": {"uv": [44, 0], "uv_size": [2, 9]},
								"east": {"uv": [44, 0], "uv_size": [2, 9]},
								"south": {"uv": [44, 0], "uv_size": [2, 9]},
								"west": {"uv": [44, 0], "uv_size": [2, 9]},
								"up": {"uv": [46, 9], "uv_size": [-2, -9]},
								"down": {"uv": [46, 9], "uv_size": [-2, -9]}
							}
						},
						{
							"origin": [-0.9, 34.6, -6.075],
							"size": [0.5, 1, 0.5],
							"uv": {
								"north": {"uv": [51, 0], "uv_size": [2, 9]},
								"east": {"uv": [51, 0], "uv_size": [2, 9]},
								"south": {"uv": [51, 0], "uv_size": [2, 9]},
								"west": {"uv": [51, 0], "uv_size": [2, 9]},
								"up": {"uv": [53, 9], "uv_size": [-2, -9]},
								"down": {"uv": [53, 9], "uv_size": [-2, -9]}
							}
						},
						{
							"origin": [0.4, 34.6, -6.075],
							"size": [0.5, 1, 0.5],
							"uv": {
								"north": {"uv": [51, 0], "uv_size": [2, 9]},
								"east": {"uv": [51, 0], "uv_size": [2, 9]},
								"south": {"uv": [51, 0], "uv_size": [2, 9]},
								"west": {"uv": [51, 0], "uv_size": [2, 9]},
								"up": {"uv": [53, 9], "uv_size": [-2, -9]},
								"down": {"uv": [53, 9], "uv_size": [-2, -9]}
							}
						},
						{
							"origin": [1.3, 35.1, -6.075],
							"size": [0.5, 1, 0.5],
							"uv": {
								"north": {"uv": [51, 0], "uv_size": [2, 9]},
								"east": {"uv": [51, 0], "uv_size": [2, 9]},
								"south": {"uv": [51, 0], "uv_size": [2, 9]},
								"west": {"uv": [51, 0], "uv_size": [2, 9]},
								"up": {"uv": [53, 9], "uv_size": [-2, -9]},
								"down": {"uv": [53, 9], "uv_size": [-2, -9]}
							}
						},
						{
							"origin": [-1.8, 35.1, -6.075],
							"size": [0.5, 1, 0.5],
							"uv": {
								"north": {"uv": [51, 0], "uv_size": [2, 9]},
								"east": {"uv": [51, 0], "uv_size": [2, 9]},
								"south": {"uv": [51, 0], "uv_size": [2, 9]},
								"west": {"uv": [51, 0], "uv_size": [2, 9]},
								"up": {"uv": [53, 9], "uv_size": [-2, -9]},
								"down": {"uv": [53, 9], "uv_size": [-2, -9]}
							}
						},
						{
							"origin": [-1.8, 34.6, -6.075],
							"size": [0.5, 0.5, 0.5],
							"uv": {
								"north": {"uv": [62, 0], "uv_size": [2, 9]},
								"east": {"uv": [62, 0], "uv_size": [2, 9]},
								"south": {"uv": [62, 0], "uv_size": [2, 9]},
								"west": {"uv": [62, 0], "uv_size": [2, 9]},
								"up": {"uv": [64, 9], "uv_size": [-2, -9]},
								"down": {"uv": [64, 9], "uv_size": [-2, -9]}
							}
						},
						{
							"origin": [1.3, 34.6, -6.075],
							"size": [0.5, 0.5, 0.5],
							"uv": {
								"north": {"uv": [62, 0], "uv_size": [2, 9]},
								"east": {"uv": [62, 0], "uv_size": [2, 9]},
								"south": {"uv": [62, 0], "uv_size": [2, 9]},
								"west": {"uv": [62, 0], "uv_size": [2, 9]},
								"up": {"uv": [64, 9], "uv_size": [-2, -9]},
								"down": {"uv": [64, 9], "uv_size": [-2, -9]}
							}
						},
						{
							"origin": [-0.9, 34.125, -6.075],
							"size": [0.5, 0.475, 0.5],
							"uv": {
								"north": {"uv": [61.5, 24.5], "uv_size": [2.5, 9]},
								"east": {"uv": [61.5, 24.5], "uv_size": [2.5, 9]},
								"south": {"uv": [61.5, 24.5], "uv_size": [2.5, 9]},
								"west": {"uv": [61.5, 24.5], "uv_size": [2.5, 9]},
								"up": {"uv": [64, 33.5], "uv_size": [-2.5, -9]},
								"down": {"uv": [64, 33.5], "uv_size": [-2.5, -9]}
							}
						},
						{
							"origin": [0.4, 34.125, -6.075],
							"size": [0.5, 0.475, 0.5],
							"uv": {
								"north": {"uv": [61.5, 24.5], "uv_size": [2.5, 9]},
								"east": {"uv": [61.5, 24.5], "uv_size": [2.5, 9]},
								"south": {"uv": [61.5, 24.5], "uv_size": [2.5, 9]},
								"west": {"uv": [61.5, 24.5], "uv_size": [2.5, 9]},
								"up": {"uv": [64, 33.5], "uv_size": [-2.5, -9]},
								"down": {"uv": [64, 33.5], "uv_size": [-2.5, -9]}
							}
						},
						{
							"origin": [1.3, 34.125, -6.075],
							"size": [0.5, 0.475, 0.5],
							"uv": {
								"north": {"uv": [61.5, 24.5], "uv_size": [2.5, 9]},
								"east": {"uv": [61.5, 24.5], "uv_size": [2.5, 9]},
								"south": {"uv": [61.5, 24.5], "uv_size": [2.5, 9]},
								"west": {"uv": [61.5, 24.5], "uv_size": [2.5, 9]},
								"up": {"uv": [64, 33.5], "uv_size": [-2.5, -9]},
								"down": {"uv": [64, 33.5], "uv_size": [-2.5, -9]}
							}
						},
						{
							"origin": [-1.8, 34.125, -6.075],
							"size": [0.5, 0.475, 0.5],
							"uv": {
								"north": {"uv": [61.5, 24.5], "uv_size": [2.5, 9]},
								"east": {"uv": [61.5, 24.5], "uv_size": [2.5, 9]},
								"south": {"uv": [61.5, 24.5], "uv_size": [2.5, 9]},
								"west": {"uv": [61.5, 24.5], "uv_size": [2.5, 9]},
								"up": {"uv": [64, 33.5], "uv_size": [-2.5, -9]},
								"down": {"uv": [64, 33.5], "uv_size": [-2.5, -9]}
							}
						}
					]
				},
				{
					"name": "bone53",
					"parent": "bone15",
					"pivot": [0, 28.3125, -3.6625],
					"rotation": [0, 0, -180],
					"cubes": [
						{
							"origin": [0.5, 20.5, -6.075],
							"size": [0.3, 0.5, 0.5],
							"uv": {
								"north": {"uv": [40, 0], "uv_size": [2, 9]},
								"east": {"uv": [40, 0], "uv_size": [2, 9]},
								"south": {"uv": [40, 0], "uv_size": [2, 9]},
								"west": {"uv": [40, 0], "uv_size": [2, 9]},
								"up": {"uv": [42, 9], "uv_size": [-2, -9]},
								"down": {"uv": [42, 9], "uv_size": [-2, -9]}
							}
						},
						{
							"origin": [0.6, 20, -6.075],
							"size": [0.1, 0.5, 0.5],
							"uv": {
								"north": {"uv": [40, 0], "uv_size": [2, 9]},
								"east": {"uv": [40, 0], "uv_size": [2, 9]},
								"south": {"uv": [40, 0], "uv_size": [2, 9]},
								"west": {"uv": [40, 0], "uv_size": [2, 9]},
								"up": {"uv": [42, 9], "uv_size": [-2, -9]},
								"down": {"uv": [42, 9], "uv_size": [-2, -9]}
							}
						},
						{
							"origin": [6.4, 20.5, -6.075],
							"size": [0.1, 0.9, 0.5],
							"pivot": [6.1, -13, 0],
							"rotation": [0, 0, -10],
							"uv": {
								"north": {"uv": [40, 0], "uv_size": [2, 9]},
								"east": {"uv": [40, 0], "uv_size": [2, 9]},
								"south": {"uv": [40, 0], "uv_size": [2, 9]},
								"west": {"uv": [40, 0], "uv_size": [2, 9]},
								"up": {"uv": [42, 9], "uv_size": [-2, -9]},
								"down": {"uv": [42, 9], "uv_size": [-2, -9]}
							}
						},
						{
							"origin": [-5.4, 20.7, -6.075],
							"size": [0.1, 1, 0.5],
							"pivot": [-6.2, -14, 0],
							"rotation": [0, 0, 10],
							"uv": {
								"north": {"uv": [40, 0], "uv_size": [2, 9]},
								"east": {"uv": [40, 0], "uv_size": [2, 9]},
								"south": {"uv": [40, 0], "uv_size": [2, 9]},
								"west": {"uv": [40, 0], "uv_size": [2, 9]},
								"up": {"uv": [42, 9], "uv_size": [-2, -9]},
								"down": {"uv": [42, 9], "uv_size": [-2, -9]}
							}
						}
					]
				},
				{
					"name": "bone54",
					"parent": "bone15",
					"pivot": [1.3, 28.3125, -3.6625],
					"rotation": [0, 0, -180],
					"cubes": [
						{
							"origin": [1.8, 20.5, -6.075],
							"size": [0.3, 0.5, 0.5],
							"uv": {
								"north": {"uv": [40, 0], "uv_size": [2, 9]},
								"east": {"uv": [40, 0], "uv_size": [2, 9]},
								"south": {"uv": [40, 0], "uv_size": [2, 9]},
								"west": {"uv": [40, 0], "uv_size": [2, 9]},
								"up": {"uv": [42, 9], "uv_size": [-2, -9]},
								"down": {"uv": [42, 9], "uv_size": [-2, -9]}
							}
						},
						{
							"origin": [1.9, 20, -6.075],
							"size": [0.1, 0.5, 0.5],
							"uv": {
								"north": {"uv": [40, 0], "uv_size": [2, 9]},
								"east": {"uv": [40, 0], "uv_size": [2, 9]},
								"south": {"uv": [40, 0], "uv_size": [2, 9]},
								"west": {"uv": [40, 0], "uv_size": [2, 9]},
								"up": {"uv": [42, 9], "uv_size": [-2, -9]},
								"down": {"uv": [42, 9], "uv_size": [-2, -9]}
							}
						},
						{
							"origin": [7.7, 20.5, -6.075],
							"size": [0.1, 0.9, 0.5],
							"pivot": [7.4, -13, 0],
							"rotation": [0, 0, -10],
							"uv": {
								"north": {"uv": [40, 0], "uv_size": [2, 9]},
								"east": {"uv": [40, 0], "uv_size": [2, 9]},
								"south": {"uv": [40, 0], "uv_size": [2, 9]},
								"west": {"uv": [40, 0], "uv_size": [2, 9]},
								"up": {"uv": [42, 9], "uv_size": [-2, -9]},
								"down": {"uv": [42, 9], "uv_size": [-2, -9]}
							}
						},
						{
							"origin": [-4.1, 20.7, -6.075],
							"size": [0.1, 1, 0.5],
							"pivot": [-4.9, -14, 0],
							"rotation": [0, 0, 10],
							"uv": {
								"north": {"uv": [40, 0], "uv_size": [2, 9]},
								"east": {"uv": [40, 0], "uv_size": [2, 9]},
								"south": {"uv": [40, 0], "uv_size": [2, 9]},
								"west": {"uv": [40, 0], "uv_size": [2, 9]},
								"up": {"uv": [42, 9], "uv_size": [-2, -9]},
								"down": {"uv": [42, 9], "uv_size": [-2, -9]}
							}
						}
					]
				},
				{
					"name": "bone55",
					"parent": "bone15",
					"pivot": [2.2, 29.3125, -3.6625],
					"rotation": [0, 0, -180],
					"cubes": [
						{
							"origin": [2.7, 21.5, -6.075],
							"size": [0.3, 0.5, 0.5],
							"uv": {
								"north": {"uv": [40, 0], "uv_size": [2, 9]},
								"east": {"uv": [40, 0], "uv_size": [2, 9]},
								"south": {"uv": [40, 0], "uv_size": [2, 9]},
								"west": {"uv": [40, 0], "uv_size": [2, 9]},
								"up": {"uv": [42, 9], "uv_size": [-2, -9]},
								"down": {"uv": [42, 9], "uv_size": [-2, -9]}
							}
						},
						{
							"origin": [2.8, 21, -6.075],
							"size": [0.1, 0.5, 0.5],
							"uv": {
								"north": {"uv": [40, 0], "uv_size": [2, 9]},
								"east": {"uv": [40, 0], "uv_size": [2, 9]},
								"south": {"uv": [40, 0], "uv_size": [2, 9]},
								"west": {"uv": [40, 0], "uv_size": [2, 9]},
								"up": {"uv": [42, 9], "uv_size": [-2, -9]},
								"down": {"uv": [42, 9], "uv_size": [-2, -9]}
							}
						},
						{
							"origin": [8.6, 21.5, -6.075],
							"size": [0.1, 1, 0.5],
							"pivot": [8.3, -12, 0],
							"rotation": [0, 0, -10],
							"uv": {
								"north": {"uv": [40, 0], "uv_size": [2, 9]},
								"east": {"uv": [40, 0], "uv_size": [2, 9]},
								"south": {"uv": [40, 0], "uv_size": [2, 9]},
								"west": {"uv": [40, 0], "uv_size": [2, 9]},
								"up": {"uv": [42, 9], "uv_size": [-2, -9]},
								"down": {"uv": [42, 9], "uv_size": [-2, -9]}
							}
						},
						{
							"origin": [-3.2, 21.7, -6.075],
							"size": [0.1, 1, 0.5],
							"pivot": [-4, -13, 0],
							"rotation": [0, 0, 10],
							"uv": {
								"north": {"uv": [40, 0], "uv_size": [2, 9]},
								"east": {"uv": [40, 0], "uv_size": [2, 9]},
								"south": {"uv": [40, 0], "uv_size": [2, 9]},
								"west": {"uv": [40, 0], "uv_size": [2, 9]},
								"up": {"uv": [42, 9], "uv_size": [-2, -9]},
								"down": {"uv": [42, 9], "uv_size": [-2, -9]}
							}
						}
					]
				},
				{
					"name": "bone56",
					"parent": "bone15",
					"pivot": [-0.9, 29.3125, -3.6625],
					"rotation": [0, 0, -180],
					"cubes": [
						{
							"origin": [-0.4, 21.5, -6.075],
							"size": [0.3, 0.5, 0.5],
							"uv": {
								"north": {"uv": [40, 0], "uv_size": [2, 9]},
								"east": {"uv": [40, 0], "uv_size": [2, 9]},
								"south": {"uv": [40, 0], "uv_size": [2, 9]},
								"west": {"uv": [40, 0], "uv_size": [2, 9]},
								"up": {"uv": [42, 9], "uv_size": [-2, -9]},
								"down": {"uv": [42, 9], "uv_size": [-2, -9]}
							}
						},
						{
							"origin": [-0.3, 21, -6.075],
							"size": [0.1, 0.5, 0.5],
							"uv": {
								"north": {"uv": [40, 0], "uv_size": [2, 9]},
								"east": {"uv": [40, 0], "uv_size": [2, 9]},
								"south": {"uv": [40, 0], "uv_size": [2, 9]},
								"west": {"uv": [40, 0], "uv_size": [2, 9]},
								"up": {"uv": [42, 9], "uv_size": [-2, -9]},
								"down": {"uv": [42, 9], "uv_size": [-2, -9]}
							}
						},
						{
							"origin": [5.5, 21.5, -6.075],
							"size": [0.1, 1, 0.5],
							"pivot": [5.2, -12, 0],
							"rotation": [0, 0, -10],
							"uv": {
								"north": {"uv": [40, 0], "uv_size": [2, 9]},
								"east": {"uv": [40, 0], "uv_size": [2, 9]},
								"south": {"uv": [40, 0], "uv_size": [2, 9]},
								"west": {"uv": [40, 0], "uv_size": [2, 9]},
								"up": {"uv": [42, 9], "uv_size": [-2, -9]},
								"down": {"uv": [42, 9], "uv_size": [-2, -9]}
							}
						},
						{
							"origin": [-6.3, 21.7, -6.075],
							"size": [0.1, 1, 0.5],
							"pivot": [-7.1, -13, 0],
							"rotation": [0, 0, 10],
							"uv": {
								"north": {"uv": [40, 0], "uv_size": [2, 9]},
								"east": {"uv": [40, 0], "uv_size": [2, 9]},
								"south": {"uv": [40, 0], "uv_size": [2, 9]},
								"west": {"uv": [40, 0], "uv_size": [2, 9]},
								"up": {"uv": [42, 9], "uv_size": [-2, -9]},
								"down": {"uv": [42, 9], "uv_size": [-2, -9]}
							}
						}
					]
				},
				{
					"name": "right_leg",
					"parent": "torso",
					"pivot": [-2.3, 19.55, 0],
					"cubes": [
						{
							"origin": [-3.4, 10.925, -1.15],
							"size": [2, 10, 3],
							"uv": {
								"north": {"uv": [14, 36], "uv_size": [2, 10]},
								"east": {"uv": [25, 9.5], "uv_size": [3, 10]},
								"south": {"uv": [14, 36], "uv_size": [2, 10]},
								"west": {"uv": [25, 9.5], "uv_size": [3, 10]},
								"up": {"uv": [19, 12], "uv_size": [2, 3]},
								"down": {"uv": [19, 18], "uv_size": [2, -3]}
							}
						}
					]
				},
				{
					"name": "bone8",
					"parent": "right_leg",
					"pivot": [-2.3, 10.925, 0],
					"cubes": [
						{
							"origin": [-3.4, 0.8, -1.15],
							"size": [2, 10.2, 3],
							"uv": {
								"north": {"uv": [25, 31], "uv_size": [2, 11]},
								"east": {"uv": [16, 7], "uv_size": [3, 11]},
								"south": {"uv": [25, 31], "uv_size": [2, 11]},
								"west": {"uv": [16, 7], "uv_size": [3, 11]},
								"up": {"uv": [23, 35], "uv_size": [2, 3]},
								"down": {"uv": [37, 25], "uv_size": [2, -3]}
							}
						}
					]
				},
				{
					"name": "rightfoot2",
					"parent": "bone8",
					"pivot": [-2.41322, 0.84678, 0.3],
					"rotation": [-154.4574, -86.95687, 155.24359],
					"cubes": [
						{
							"origin": [-9.00835, -0.0917, -0.78639],
							"size": [3.825, 0.85, 1.95],
							"pivot": [-4.93607, 0.19329, 0.27694],
							"rotation": [-179.41459, -2.54205, 177.99784],
							"uv": {
								"north": {"uv": [44.5, 13], "uv_size": [5, 6]},
								"east": {"uv": [44.5, 13], "uv_size": [5, 6]},
								"south": {"uv": [44.5, 13], "uv_size": [5, 6]},
								"west": {"uv": [44.5, 13], "uv_size": [5, 6]},
								"up": {"uv": [49.5, 19], "uv_size": [-5, -6]},
								"down": {"uv": [49.5, 19], "uv_size": [-5, -6]}
							}
						}
					]
				},
				{
					"name": "bone19",
					"parent": "rightfoot2",
					"pivot": [-4.51125, 0.31473, 0.36706],
					"cubes": [
						{
							"origin": [-5.06173, 0.23987, 0.78924],
							"size": [0.725, 0.375, 0.05],
							"pivot": [-5.53607, 0.39329, 0.17694],
							"rotation": [-178.46242, -15.36235, 166.19605],
							"uv": {
								"north": {"uv": [44.5, 13], "uv_size": [5, 6]},
								"east": {"uv": [49, 58], "uv_size": [0.375, 0.375]},
								"south": {"uv": [44.5, 13], "uv_size": [5, 6]},
								"west": {"uv": [44.5, 13], "uv_size": [5, 6]},
								"up": {"uv": [49.5, 19], "uv_size": [-5, -6]},
								"down": {"uv": [49.5, 19], "uv_size": [-5, -6]}
							}
						},
						{
							"origin": [-5.66173, 0.13987, 1.28924],
							"size": [0.725, 0.375, 0.05],
							"pivot": [-5.93607, 0.19329, 0.67694],
							"rotation": [-179.33976, 10.62576, 166.1879],
							"uv": {
								"north": {"uv": [44.5, 13], "uv_size": [5, 6]},
								"east": {"uv": [49, 58], "uv_size": [0.375, 0.375]},
								"south": {"uv": [44.5, 13], "uv_size": [5, 6]},
								"west": {"uv": [44.5, 13], "uv_size": [5, 6]},
								"up": {"uv": [49.5, 19], "uv_size": [-5, -6]},
								"down": {"uv": [49.5, 19], "uv_size": [-5, -6]}
							}
						},
						{
							"origin": [-5.06173, 0.23987, 0.98924],
							"size": [0.725, 0.375, 0.05],
							"pivot": [-5.53607, 0.39329, 0.37694],
							"rotation": [-178.51084, -5.36582, 166.46419],
							"uv": {
								"north": {"uv": [44.5, 13], "uv_size": [5, 6]},
								"east": {"uv": [49, 58], "uv_size": [0.375, 0.375]},
								"south": {"uv": [44.5, 13], "uv_size": [5, 6]},
								"west": {"uv": [44.5, 13], "uv_size": [5, 6]},
								"up": {"uv": [49.5, 19], "uv_size": [-5, -6]},
								"down": {"uv": [49.5, 19], "uv_size": [-5, -6]}
							}
						},
						{
							"origin": [-5.06173, 0.23987, 1.08924],
							"size": [0.825, 0.375, 0.05],
							"pivot": [-5.53607, 0.39329, 0.47694],
							"rotation": [-178.51695, -1.36716, 166.56808],
							"uv": {
								"north": {"uv": [44.5, 13], "uv_size": [5, 6]},
								"east": {"uv": [49, 58], "uv_size": [0.375, 0.375]},
								"south": {"uv": [44.5, 13], "uv_size": [5, 6]},
								"west": {"uv": [44.5, 13], "uv_size": [5, 6]},
								"up": {"uv": [49.5, 19], "uv_size": [-5, -6]},
								"down": {"uv": [49.5, 19], "uv_size": [-5, -6]}
							}
						},
						{
							"origin": [-5.06173, 0.23987, 0.88924],
							"size": [0.725, 0.375, 0.05],
							"pivot": [-5.53607, 0.39329, 0.27694],
							"rotation": [-178.49277, -10.36411, 166.33226],
							"uv": {
								"north": {"uv": [44.5, 13], "uv_size": [5, 6]},
								"east": {"uv": [49, 58], "uv_size": [0.375, 0.375]},
								"south": {"uv": [44.5, 13], "uv_size": [5, 6]},
								"west": {"uv": [44.5, 13], "uv_size": [5, 6]},
								"up": {"uv": [49.5, 19], "uv_size": [-5, -6]},
								"down": {"uv": [49.5, 19], "uv_size": [-5, -6]}
							}
						},
						{
							"origin": [-4.96173, 0.23987, 0.88924],
							"size": [0.725, 0.375, 0.05],
							"pivot": [-5.43607, 0.39329, 0.27694],
							"rotation": [-178.49277, -10.36411, 166.33226],
							"uv": {
								"north": {"uv": [44.5, 13], "uv_size": [5, 6]},
								"east": {"uv": [49, 58], "uv_size": [0.375, 0.375]},
								"south": {"uv": [44.5, 13], "uv_size": [5, 6]},
								"west": {"uv": [44.5, 13], "uv_size": [5, 6]},
								"up": {"uv": [49.5, 19], "uv_size": [-5, -6]},
								"down": {"uv": [49.5, 19], "uv_size": [-5, -6]}
							}
						},
						{
							"origin": [-5.66173, 0.13987, 1.18924],
							"size": [0.625, 0.375, 0.05],
							"pivot": [-5.93607, 0.19329, 0.57694],
							"rotation": [-179.34978, 3.62622, 166.10728],
							"uv": {
								"north": {"uv": [44.5, 13], "uv_size": [5, 6]},
								"east": {"uv": [49, 58], "uv_size": [0.375, 0.375]},
								"south": {"uv": [44.5, 13], "uv_size": [5, 6]},
								"west": {"uv": [44.5, 13], "uv_size": [5, 6]},
								"up": {"uv": [49.5, 19], "uv_size": [-5, -6]},
								"down": {"uv": [49.5, 19], "uv_size": [-5, -6]}
							}
						},
						{
							"origin": [-5.66173, 0.13987, 1.18924],
							"size": [0.625, 0.375, 0.05],
							"pivot": [-5.93607, 0.19329, 0.57694],
							"rotation": [-179.34896, 4.62615, 166.11867],
							"uv": {
								"north": {"uv": [44.5, 13], "uv_size": [5, 6]},
								"east": {"uv": [49, 58], "uv_size": [0.375, 0.375]},
								"south": {"uv": [44.5, 13], "uv_size": [5, 6]},
								"west": {"uv": [44.5, 13], "uv_size": [5, 6]},
								"up": {"uv": [49.5, 19], "uv_size": [-5, -6]},
								"down": {"uv": [49.5, 19], "uv_size": [-5, -6]}
							}
						},
						{
							"origin": [-6.56385, -0.01052, 0.43794],
							"size": [1.525, 0.675, 0.65],
							"pivot": [-5.43139, 0.09426, 0.27202],
							"rotation": [-179.41459, -2.54205, 177.99784],
							"uv": {
								"north": {"uv": [44.5, 13], "uv_size": [5, 6]},
								"east": {"uv": [56, 38], "uv_size": [0.4375, 0.5]},
								"south": {"uv": [44.5, 13], "uv_size": [5, 6]},
								"west": {"uv": [44.5, 13], "uv_size": [5, 6]},
								"up": {"uv": [49.5, 19], "uv_size": [-5, -6]},
								"down": {"uv": [49.5, 19], "uv_size": [-5, -6]}
							}
						},
						{
							"origin": [-5.06385, 0.08948, 0.53794],
							"size": [0.525, 0.475, 0.45],
							"pivot": [-5.43139, 0.09426, 0.27202],
							"rotation": [-179.41459, -2.54205, 177.99784],
							"uv": {
								"north": {"uv": [44.5, 13], "uv_size": [5, 6]},
								"east": {"uv": [56, 38], "uv_size": [0.4375, 0.5]},
								"south": {"uv": [44.5, 13], "uv_size": [5, 6]},
								"west": {"uv": [44.5, 13], "uv_size": [5, 6]},
								"up": {"uv": [49.5, 19], "uv_size": [-5, -6]},
								"down": {"uv": [49.5, 19], "uv_size": [-5, -6]}
							}
						},
						{
							"origin": [-5.06385, 0.08948, 1.73794],
							"size": [0.525, 0.475, 0.45],
							"pivot": [-5.43139, 0.09426, 1.47202],
							"rotation": [-179.41459, -2.54205, 177.99784],
							"uv": {
								"north": {"uv": [44.5, 13], "uv_size": [5, 6]},
								"east": {"uv": [56, 38], "uv_size": [0.4375, 0.5]},
								"south": {"uv": [44.5, 13], "uv_size": [5, 6]},
								"west": {"uv": [44.5, 13], "uv_size": [5, 6]},
								"up": {"uv": [49.5, 19], "uv_size": [-5, -6]},
								"down": {"uv": [49.5, 19], "uv_size": [-5, -6]}
							}
						},
						{
							"origin": [-6.56385, -0.01052, 1.63794],
							"size": [1.525, 0.675, 0.65],
							"pivot": [-5.43139, 0.09426, 1.47202],
							"rotation": [-179.41459, -2.54205, 177.99784],
							"uv": {
								"north": {"uv": [44.5, 13], "uv_size": [5, 6]},
								"east": {"uv": [56, 38], "uv_size": [0.4375, 0.5]},
								"south": {"uv": [44.5, 13], "uv_size": [5, 6]},
								"west": {"uv": [44.5, 13], "uv_size": [5, 6]},
								"up": {"uv": [49.5, 19], "uv_size": [-5, -6]},
								"down": {"uv": [49.5, 19], "uv_size": [-5, -6]}
							}
						},
						{
							"origin": [-5.66173, 0.13987, 2.38924],
							"size": [0.625, 0.375, 0.05],
							"pivot": [-5.93607, 0.19329, 1.77694],
							"rotation": [-179.34896, 4.62615, 166.11867],
							"uv": {
								"north": {"uv": [44.5, 13], "uv_size": [5, 6]},
								"east": {"uv": [49, 58], "uv_size": [0.375, 0.375]},
								"south": {"uv": [44.5, 13], "uv_size": [5, 6]},
								"west": {"uv": [44.5, 13], "uv_size": [5, 6]},
								"up": {"uv": [49.5, 19], "uv_size": [-5, -6]},
								"down": {"uv": [49.5, 19], "uv_size": [-5, -6]}
							}
						},
						{
							"origin": [-5.66173, 0.13987, 2.38924],
							"size": [0.625, 0.375, 0.05],
							"pivot": [-5.93607, 0.19329, 1.77694],
							"rotation": [-179.34978, 3.62622, 166.10728],
							"uv": {
								"north": {"uv": [44.5, 13], "uv_size": [5, 6]},
								"east": {"uv": [49, 58], "uv_size": [0.375, 0.375]},
								"south": {"uv": [44.5, 13], "uv_size": [5, 6]},
								"west": {"uv": [44.5, 13], "uv_size": [5, 6]},
								"up": {"uv": [49.5, 19], "uv_size": [-5, -6]},
								"down": {"uv": [49.5, 19], "uv_size": [-5, -6]}
							}
						},
						{
							"origin": [-4.96173, 0.23987, 2.08924],
							"size": [0.725, 0.375, 0.05],
							"pivot": [-5.43607, 0.39329, 1.47694],
							"rotation": [-178.49277, -10.36411, 166.33226],
							"uv": {
								"north": {"uv": [44.5, 13], "uv_size": [5, 6]},
								"east": {"uv": [49, 58], "uv_size": [0.375, 0.375]},
								"south": {"uv": [44.5, 13], "uv_size": [5, 6]},
								"west": {"uv": [44.5, 13], "uv_size": [5, 6]},
								"up": {"uv": [49.5, 19], "uv_size": [-5, -6]},
								"down": {"uv": [49.5, 19], "uv_size": [-5, -6]}
							}
						},
						{
							"origin": [-5.06173, 0.23987, 2.08924],
							"size": [0.725, 0.375, 0.05],
							"pivot": [-5.53607, 0.39329, 1.47694],
							"rotation": [-178.49277, -10.36411, 166.33226],
							"uv": {
								"north": {"uv": [44.5, 13], "uv_size": [5, 6]},
								"east": {"uv": [49, 58], "uv_size": [0.375, 0.375]},
								"south": {"uv": [44.5, 13], "uv_size": [5, 6]},
								"west": {"uv": [44.5, 13], "uv_size": [5, 6]},
								"up": {"uv": [49.5, 19], "uv_size": [-5, -6]},
								"down": {"uv": [49.5, 19], "uv_size": [-5, -6]}
							}
						},
						{
							"origin": [-5.06173, 0.23987, 2.28924],
							"size": [0.825, 0.375, 0.05],
							"pivot": [-5.53607, 0.39329, 1.67694],
							"rotation": [-178.51695, -1.36716, 166.56808],
							"uv": {
								"north": {"uv": [44.5, 13], "uv_size": [5, 6]},
								"east": {"uv": [49, 58], "uv_size": [0.375, 0.375]},
								"south": {"uv": [44.5, 13], "uv_size": [5, 6]},
								"west": {"uv": [44.5, 13], "uv_size": [5, 6]},
								"up": {"uv": [49.5, 19], "uv_size": [-5, -6]},
								"down": {"uv": [49.5, 19], "uv_size": [-5, -6]}
							}
						},
						{
							"origin": [-5.06173, 0.23987, 2.18924],
							"size": [0.725, 0.375, 0.05],
							"pivot": [-5.53607, 0.39329, 1.57694],
							"rotation": [-178.51084, -5.36582, 166.46419],
							"uv": {
								"north": {"uv": [44.5, 13], "uv_size": [5, 6]},
								"east": {"uv": [49, 58], "uv_size": [0.375, 0.375]},
								"south": {"uv": [44.5, 13], "uv_size": [5, 6]},
								"west": {"uv": [44.5, 13], "uv_size": [5, 6]},
								"up": {"uv": [49.5, 19], "uv_size": [-5, -6]},
								"down": {"uv": [49.5, 19], "uv_size": [-5, -6]}
							}
						},
						{
							"origin": [-5.66173, 0.13987, 2.48924],
							"size": [0.725, 0.375, 0.05],
							"pivot": [-5.93607, 0.19329, 1.87694],
							"rotation": [-179.33976, 10.62576, 166.1879],
							"uv": {
								"north": {"uv": [44.5, 13], "uv_size": [5, 6]},
								"east": {"uv": [49, 58], "uv_size": [0.375, 0.375]},
								"south": {"uv": [44.5, 13], "uv_size": [5, 6]},
								"west": {"uv": [44.5, 13], "uv_size": [5, 6]},
								"up": {"uv": [49.5, 19], "uv_size": [-5, -6]},
								"down": {"uv": [49.5, 19], "uv_size": [-5, -6]}
							}
						}
					]
				},
				{
					"name": "left_leg",
					"parent": "torso",
					"pivot": [2.3, 19.55, 0],
					"cubes": [
						{
							"origin": [1.45, 10.925, -1.15],
							"size": [2, 10, 3],
							"uv": {
								"north": {"uv": [14, 36], "uv_size": [2, 10]},
								"east": {"uv": [25, 9.5], "uv_size": [3, 10]},
								"south": {"uv": [14, 36], "uv_size": [2, 10]},
								"west": {"uv": [25, 9.5], "uv_size": [3, 10]},
								"up": {"uv": [19, 12], "uv_size": [2, 3]},
								"down": {"uv": [19, 18], "uv_size": [2, -3]}
							}
						}
					]
				},
				{
					"name": "bone7",
					"parent": "left_leg",
					"pivot": [2.3, 10.925, 0],
					"cubes": [
						{
							"origin": [1.45, 0.8, -1.15],
							"size": [2, 10.2, 3],
							"uv": {
								"north": {"uv": [25, 31], "uv_size": [2, 11]},
								"east": {"uv": [16, 7], "uv_size": [3, 11]},
								"south": {"uv": [25, 31], "uv_size": [2, 11]},
								"west": {"uv": [16, 7], "uv_size": [3, 11]},
								"up": {"uv": [23, 35], "uv_size": [2, 3]},
								"down": {"uv": [37, 25], "uv_size": [2, -3]}
							}
						}
					]
				},
				{
					"name": "rightfoot3",
					"parent": "bone7",
					"pivot": [2.48678, 0.84678, 0.3],
					"rotation": [-154.4574, -86.95687, 155.24359],
					"cubes": [
						{
							"origin": [-4.10352, -0.09302, -0.68652],
							"size": [3.825, 0.85, 1.95],
							"pivot": [-0.03124, 0.19197, 0.37681],
							"rotation": [-179.41459, -2.54205, 177.99784],
							"uv": {
								"north": {"uv": [44.5, 13], "uv_size": [5, 6]},
								"east": {"uv": [44.5, 13], "uv_size": [5, 6]},
								"south": {"uv": [44.5, 13], "uv_size": [5, 6]},
								"west": {"uv": [44.5, 13], "uv_size": [5, 6]},
								"up": {"uv": [49.5, 19], "uv_size": [-5, -6]},
								"down": {"uv": [49.5, 19], "uv_size": [-5, -6]}
							}
						}
					]
				},
				{
					"name": "bone18",
					"parent": "rightfoot3",
					"pivot": [0.3889, 0.41244, 0.47185],
					"cubes": [
						{
							"origin": [-1.6637, -0.01281, 0.54273],
							"size": [1.525, 0.675, 0.65],
							"pivot": [-0.53124, 0.09197, 0.37681],
							"rotation": [-179.41459, -2.54205, 177.99784],
							"uv": {
								"north": {"uv": [44.5, 13], "uv_size": [5, 6]},
								"east": {"uv": [56, 38], "uv_size": [0.4375, 0.5]},
								"south": {"uv": [44.5, 13], "uv_size": [5, 6]},
								"west": {"uv": [44.5, 13], "uv_size": [5, 6]},
								"up": {"uv": [49.5, 19], "uv_size": [-5, -6]},
								"down": {"uv": [49.5, 19], "uv_size": [-5, -6]}
							}
						},
						{
							"origin": [-0.1637, 0.08719, 0.64273],
							"size": [0.525, 0.475, 0.45],
							"pivot": [-0.53124, 0.09197, 0.37681],
							"rotation": [-179.41459, -2.54205, 177.99784],
							"uv": {
								"north": {"uv": [44.5, 13], "uv_size": [5, 6]},
								"east": {"uv": [56, 38], "uv_size": [0.4375, 0.5]},
								"south": {"uv": [44.5, 13], "uv_size": [5, 6]},
								"west": {"uv": [44.5, 13], "uv_size": [5, 6]},
								"up": {"uv": [49.5, 19], "uv_size": [-5, -6]},
								"down": {"uv": [49.5, 19], "uv_size": [-5, -6]}
							}
						},
						{
							"origin": [-0.16158, 0.23758, 0.89403],
							"size": [0.725, 0.375, 0.05],
							"pivot": [-0.63592, 0.391, 0.28173],
							"rotation": [-178.46242, -15.36235, 166.19605],
							"uv": {
								"north": {"uv": [44.5, 13], "uv_size": [5, 6]},
								"east": {"uv": [49, 58], "uv_size": [0.375, 0.375]},
								"south": {"uv": [44.5, 13], "uv_size": [5, 6]},
								"west": {"uv": [44.5, 13], "uv_size": [5, 6]},
								"up": {"uv": [49.5, 19], "uv_size": [-5, -6]},
								"down": {"uv": [49.5, 19], "uv_size": [-5, -6]}
							}
						},
						{
							"origin": [-0.76158, 0.13758, 1.39403],
							"size": [0.725, 0.375, 0.05],
							"pivot": [-1.03592, 0.191, 0.78173],
							"rotation": [-179.33976, 10.62576, 166.1879],
							"uv": {
								"north": {"uv": [44.5, 13], "uv_size": [5, 6]},
								"east": {"uv": [49, 58], "uv_size": [0.375, 0.375]},
								"south": {"uv": [44.5, 13], "uv_size": [5, 6]},
								"west": {"uv": [44.5, 13], "uv_size": [5, 6]},
								"up": {"uv": [49.5, 19], "uv_size": [-5, -6]},
								"down": {"uv": [49.5, 19], "uv_size": [-5, -6]}
							}
						},
						{
							"origin": [-0.16158, 0.23758, 1.09403],
							"size": [0.725, 0.375, 0.05],
							"pivot": [-0.63592, 0.391, 0.48173],
							"rotation": [-178.51084, -5.36582, 166.46419],
							"uv": {
								"north": {"uv": [44.5, 13], "uv_size": [5, 6]},
								"east": {"uv": [49, 58], "uv_size": [0.375, 0.375]},
								"south": {"uv": [44.5, 13], "uv_size": [5, 6]},
								"west": {"uv": [44.5, 13], "uv_size": [5, 6]},
								"up": {"uv": [49.5, 19], "uv_size": [-5, -6]},
								"down": {"uv": [49.5, 19], "uv_size": [-5, -6]}
							}
						},
						{
							"origin": [-0.16158, 0.23758, 1.19403],
							"size": [0.825, 0.375, 0.05],
							"pivot": [-0.63592, 0.391, 0.58173],
							"rotation": [-178.51695, -1.36716, 166.56808],
							"uv": {
								"north": {"uv": [44.5, 13], "uv_size": [5, 6]},
								"east": {"uv": [49, 58], "uv_size": [0.375, 0.375]},
								"south": {"uv": [44.5, 13], "uv_size": [5, 6]},
								"west": {"uv": [44.5, 13], "uv_size": [5, 6]},
								"up": {"uv": [49.5, 19], "uv_size": [-5, -6]},
								"down": {"uv": [49.5, 19], "uv_size": [-5, -6]}
							}
						},
						{
							"origin": [-0.16158, 0.23758, 0.99403],
							"size": [0.725, 0.375, 0.05],
							"pivot": [-0.63592, 0.391, 0.38173],
							"rotation": [-178.49277, -10.36411, 166.33226],
							"uv": {
								"north": {"uv": [44.5, 13], "uv_size": [5, 6]},
								"east": {"uv": [49, 58], "uv_size": [0.375, 0.375]},
								"south": {"uv": [44.5, 13], "uv_size": [5, 6]},
								"west": {"uv": [44.5, 13], "uv_size": [5, 6]},
								"up": {"uv": [49.5, 19], "uv_size": [-5, -6]},
								"down": {"uv": [49.5, 19], "uv_size": [-5, -6]}
							}
						},
						{
							"origin": [-0.06158, 0.23758, 0.99403],
							"size": [0.725, 0.375, 0.05],
							"pivot": [-0.53592, 0.391, 0.38173],
							"rotation": [-178.49277, -10.36411, 166.33226],
							"uv": {
								"north": {"uv": [44.5, 13], "uv_size": [5, 6]},
								"east": {"uv": [49, 58], "uv_size": [0.375, 0.375]},
								"south": {"uv": [44.5, 13], "uv_size": [5, 6]},
								"west": {"uv": [44.5, 13], "uv_size": [5, 6]},
								"up": {"uv": [49.5, 19], "uv_size": [-5, -6]},
								"down": {"uv": [49.5, 19], "uv_size": [-5, -6]}
							}
						},
						{
							"origin": [-0.76158, 0.13758, 1.29403],
							"size": [0.625, 0.375, 0.05],
							"pivot": [-1.03592, 0.191, 0.68173],
							"rotation": [-179.34978, 3.62622, 166.10728],
							"uv": {
								"north": {"uv": [44.5, 13], "uv_size": [5, 6]},
								"east": {"uv": [49, 58], "uv_size": [0.375, 0.375]},
								"south": {"uv": [44.5, 13], "uv_size": [5, 6]},
								"west": {"uv": [44.5, 13], "uv_size": [5, 6]},
								"up": {"uv": [49.5, 19], "uv_size": [-5, -6]},
								"down": {"uv": [49.5, 19], "uv_size": [-5, -6]}
							}
						},
						{
							"origin": [-0.76158, 0.13758, 1.29403],
							"size": [0.625, 0.375, 0.05],
							"pivot": [-1.03592, 0.191, 0.68173],
							"rotation": [-179.34896, 4.62615, 166.11867],
							"uv": {
								"north": {"uv": [44.5, 13], "uv_size": [5, 6]},
								"east": {"uv": [49, 58], "uv_size": [0.375, 0.375]},
								"south": {"uv": [44.5, 13], "uv_size": [5, 6]},
								"west": {"uv": [44.5, 13], "uv_size": [5, 6]},
								"up": {"uv": [49.5, 19], "uv_size": [-5, -6]},
								"down": {"uv": [49.5, 19], "uv_size": [-5, -6]}
							}
						},
						{
							"origin": [-0.16158, 0.13758, 2.09403],
							"size": [0.725, 0.375, 0.05],
							"pivot": [-0.63592, 0.291, 1.48173],
							"rotation": [-178.46242, -15.36235, 166.19605],
							"uv": {
								"north": {"uv": [44.5, 13], "uv_size": [5, 6]},
								"east": {"uv": [49, 58], "uv_size": [0.375, 0.375]},
								"south": {"uv": [44.5, 13], "uv_size": [5, 6]},
								"west": {"uv": [44.5, 13], "uv_size": [5, 6]},
								"up": {"uv": [49.5, 19], "uv_size": [-5, -6]},
								"down": {"uv": [49.5, 19], "uv_size": [-5, -6]}
							}
						},
						{
							"origin": [-0.76158, 0.13758, 2.59403],
							"size": [0.725, 0.375, 0.05],
							"pivot": [-1.03592, 0.191, 1.98173],
							"rotation": [-179.33976, 10.62576, 166.1879],
							"uv": {
								"north": {"uv": [44.5, 13], "uv_size": [5, 6]},
								"east": {"uv": [49, 58], "uv_size": [0.375, 0.375]},
								"south": {"uv": [44.5, 13], "uv_size": [5, 6]},
								"west": {"uv": [44.5, 13], "uv_size": [5, 6]},
								"up": {"uv": [49.5, 19], "uv_size": [-5, -6]},
								"down": {"uv": [49.5, 19], "uv_size": [-5, -6]}
							}
						},
						{
							"origin": [-0.16158, 0.23758, 2.29403],
							"size": [0.725, 0.375, 0.05],
							"pivot": [-0.63592, 0.391, 1.68173],
							"rotation": [-178.51084, -5.36582, 166.46419],
							"uv": {
								"north": {"uv": [44.5, 13], "uv_size": [5, 6]},
								"east": {"uv": [49, 58], "uv_size": [0.375, 0.375]},
								"south": {"uv": [44.5, 13], "uv_size": [5, 6]},
								"west": {"uv": [44.5, 13], "uv_size": [5, 6]},
								"up": {"uv": [49.5, 19], "uv_size": [-5, -6]},
								"down": {"uv": [49.5, 19], "uv_size": [-5, -6]}
							}
						},
						{
							"origin": [-0.16158, 0.23758, 2.39403],
							"size": [0.825, 0.375, 0.05],
							"pivot": [-0.63592, 0.391, 1.78173],
							"rotation": [-178.51695, -1.36716, 166.56808],
							"uv": {
								"north": {"uv": [44.5, 13], "uv_size": [5, 6]},
								"east": {"uv": [49, 58], "uv_size": [0.375, 0.375]},
								"south": {"uv": [44.5, 13], "uv_size": [5, 6]},
								"west": {"uv": [44.5, 13], "uv_size": [5, 6]},
								"up": {"uv": [49.5, 19], "uv_size": [-5, -6]},
								"down": {"uv": [49.5, 19], "uv_size": [-5, -6]}
							}
						},
						{
							"origin": [-0.16158, 0.23758, 2.19403],
							"size": [0.725, 0.375, 0.05],
							"pivot": [-0.63592, 0.391, 1.58173],
							"rotation": [-178.49277, -10.36411, 166.33226],
							"uv": {
								"north": {"uv": [44.5, 13], "uv_size": [5, 6]},
								"east": {"uv": [49, 58], "uv_size": [0.375, 0.375]},
								"south": {"uv": [44.5, 13], "uv_size": [5, 6]},
								"west": {"uv": [44.5, 13], "uv_size": [5, 6]},
								"up": {"uv": [49.5, 19], "uv_size": [-5, -6]},
								"down": {"uv": [49.5, 19], "uv_size": [-5, -6]}
							}
						},
						{
							"origin": [-0.06158, 0.23758, 2.19403],
							"size": [0.725, 0.375, 0.05],
							"pivot": [-0.53592, 0.391, 1.58173],
							"rotation": [-178.49277, -10.36411, 166.33226],
							"uv": {
								"north": {"uv": [44.5, 13], "uv_size": [5, 6]},
								"east": {"uv": [49, 58], "uv_size": [0.375, 0.375]},
								"south": {"uv": [44.5, 13], "uv_size": [5, 6]},
								"west": {"uv": [44.5, 13], "uv_size": [5, 6]},
								"up": {"uv": [49.5, 19], "uv_size": [-5, -6]},
								"down": {"uv": [49.5, 19], "uv_size": [-5, -6]}
							}
						},
						{
							"origin": [-0.76158, 0.13758, 2.49403],
							"size": [0.625, 0.375, 0.05],
							"pivot": [-1.03592, 0.191, 1.88173],
							"rotation": [-179.34978, 3.62622, 166.10728],
							"uv": {
								"north": {"uv": [44.5, 13], "uv_size": [5, 6]},
								"east": {"uv": [49, 58], "uv_size": [0.375, 0.375]},
								"south": {"uv": [44.5, 13], "uv_size": [5, 6]},
								"west": {"uv": [44.5, 13], "uv_size": [5, 6]},
								"up": {"uv": [49.5, 19], "uv_size": [-5, -6]},
								"down": {"uv": [49.5, 19], "uv_size": [-5, -6]}
							}
						},
						{
							"origin": [-0.76158, 0.13758, 2.49403],
							"size": [0.625, 0.375, 0.05],
							"pivot": [-1.03592, 0.191, 1.88173],
							"rotation": [-179.34896, 4.62615, 166.11867],
							"uv": {
								"north": {"uv": [44.5, 13], "uv_size": [5, 6]},
								"east": {"uv": [49, 58], "uv_size": [0.375, 0.375]},
								"south": {"uv": [44.5, 13], "uv_size": [5, 6]},
								"west": {"uv": [44.5, 13], "uv_size": [5, 6]},
								"up": {"uv": [49.5, 19], "uv_size": [-5, -6]},
								"down": {"uv": [49.5, 19], "uv_size": [-5, -6]}
							}
						},
						{
							"origin": [-1.6637, -0.01281, 1.74273],
							"size": [1.525, 0.675, 0.65],
							"pivot": [-0.53124, 0.09197, 1.57681],
							"rotation": [-179.41459, -2.54205, 177.99784],
							"uv": {
								"north": {"uv": [44.5, 13], "uv_size": [5, 6]},
								"east": {"uv": [56, 38], "uv_size": [0.4375, 0.5]},
								"south": {"uv": [44.5, 13], "uv_size": [5, 6]},
								"west": {"uv": [44.5, 13], "uv_size": [5, 6]},
								"up": {"uv": [49.5, 19], "uv_size": [-5, -6]},
								"down": {"uv": [49.5, 19], "uv_size": [-5, -6]}
							}
						},
						{
							"origin": [-0.1637, 0.08719, 1.84273],
							"size": [0.525, 0.475, 0.45],
							"pivot": [-0.53124, 0.09197, 1.57681],
							"rotation": [-179.41459, -2.54205, 177.99784],
							"uv": {
								"north": {"uv": [44.5, 13], "uv_size": [5, 6]},
								"east": {"uv": [56, 38], "uv_size": [0.4375, 0.5]},
								"south": {"uv": [44.5, 13], "uv_size": [5, 6]},
								"west": {"uv": [44.5, 13], "uv_size": [5, 6]},
								"up": {"uv": [49.5, 19], "uv_size": [-5, -6]},
								"down": {"uv": [49.5, 19], "uv_size": [-5, -6]}
							}
						}
					]
				}
			]
		}
	]
}